Workbook

Sheet Assumptions
A1: Daily Cost Estimator — assumptions (mirrors computeDailyTiers() in city.html)
A2: Edit the yellow cells; the Cities sheet recalculates automatically.
A3: Assumption | B3: Value | C3: Notes
A4: Meal multiplier — Budget | B4: 1 | C4: x cost.meal, x3 meals/day
A5: Meal multiplier — Mid | B5: 1.8 | C5: x cost.meal, x3 meals/day
A6: Meal multiplier — Luxury | B6: 3.5 | C6: x cost.meal, x3 meals/day
A7: Transport trips/day — Budget | B7: 1 | C7: x cost.taxi
A8: Transport trips/day — Mid | B8: 2 | C8: x cost.taxi
A9: Transport trips/day — Luxury | B9: 4 | C9: x cost.taxi
A10: Alcoholic drinks/day — Budget | B10: 1 | C10: x drink price (only if beer is a number)
A11: Alcoholic drinks/day — Mid | B11: 2 | C11: x drink price
A12: Alcoholic drinks/day — Luxury | B12: 3 | C12: x drink price
A13: Alcohol drink price multiplier | B13: 1.5 | C13: x average beer price -- covers cocktails/wine/spirits running pricier than beer
A14: Activities % — Budget | B14: 0.1 | C14: of core subtotal (hotel+meals+transport+coffee+water)
A15: Activities % — Mid | B15: 0.2 | C15: of core subtotal
A16: Activities % — Luxury | B16: 0.35 | C16: of core subtotal
A17: Include alcoholic beverages | B17: =TRUE() -> TRUE | C17: global toggle — matches the live page's checkbox default
A18: Include activities/tours | B18: =TRUE() -> TRUE | C18: global toggle — matches the live page's checkbox default
A19: Review-flag threshold (% diff) | B19: 0.25 | C19: flag a city if new mid vs old mid differ by more than this

Sheet Cities
A1: City | B1: Beer status | C1: Hotel budget | D1: Hotel mid | E1: Hotel luxury | F1: Meal price | G1: Taxi price | H1: Coffee | I1: Water | J1: Beer (numeric) | K1: Core Budget | L1: Core Mid | M1: Core Luxury | N1: Alcohol Budget | O1: Alcohol Mid | P1: Alcohol Luxury | Q1: Activities Budget | R1: Activities Mid | S1: Activities Luxury | T1: NEW Total Budget | U1: NEW Total Mid | V1: NEW Total Luxury | W1: OLD site Budget | X1: OLD site Mid | Y1: OLD site Luxury | Z1: Mid $ delta (new-old) | AA1: Mid % diff | AB1: Flag
A2: Abidjan | C2: 35 | D2: 75 | E2: 220 | F2: 15 | G2: 7 | H2: 2.5 | I2: 0.8 | J2: 3 | K2: =C2+3*Assumptions!$B$4*F2+Assumptions!$B$7*G2+H2+I2 -> 90.3 | L2: =D2+3*Assumptions!$B$5*F2+Assumptions!$B$8*G2+H2+I2 -> 173.3 | M2: =E2+3*Assumptions!$B$6*F2+Assumptions!$B$9*G2+H2+I2 -> 408.8 | N2: =IF(AND(Assumptions!$B$17,ISNUMBER(J2)),Assumptions!$B$10*Assumptions!$B$13*J2,0) -> 4.5 | O2: =IF(AND(Assumptions!$B$17,ISNUMBER(J2)),Assumptions!$B$11*Assumptions!$B$13*J2,0) -> 9 | P2: =IF(AND(Assumptions!$B$17,ISNUMBER(J2)),Assumptions!$B$12*Assumptions!$B$13*J2,0) -> 13.5 | Q2: =IF(Assumptions!$B$18,Assumptions!$B$14*K2,0) -> 9.03 | R2: =IF(Assumptions!$B$18,Assumptions!$B$15*L2,0) -> 34.66 | S2: =IF(Assumptions!$B$18,Assumptions!$B$16*M2,0) -> 143.08 | T2: =K2+N2+Q2 -> 103.83 | U2: =L2+O2+R2 -> 216.96 | V2: =M2+P2+S2 -> 565.38 | W2: 50 | X2: 120 | Y2: 355 | Z2: =U2-X2 -> 96.96 | AA2: =IFERROR((U2-X2)/X2,"") -> 0.808 | AB2: =IF(ISNUMBER(AA2),IF(ABS(AA2)>Assumptions!$B$19,"REVIEW",""),"") -> REVIEW
A3: Abu Dhabi | B3: restricted | C3: 75 | D3: 140 | E3: 400 | F3: 30 | G3: 15 | H3: 5 | I3: 1 | K3: =C3+3*Assumptions!$B$4*F3+Assumptions!$B$7*G3+H3+I3 -> 186 | L3: =D3+3*Assumptions!$B$5*F3+Assumptions!$B$8*G3+H3+I3 -> 338 | M3: =E3+3*Assumptions!$B$6*F3+Assumptions!$B$9*G3+H3+I3 -> 781 | N3: =IF(AND(Assumptions!$B$17,ISNUMBER(J3)),Assumptions!$B$10*Assumptions!$B$13*J3,0) -> 0 | O3: =IF(AND(Assumptions!$B$17,ISNUMBER(J3)),Assumptions!$B$11*Assumptions!$B$13*J3,0) -> 0 | P3: =IF(AND(Assumptions!$B$17,ISNUMBER(J3)),Assumptions!$B$12*Assumptions!$B$13*J3,0) -> 0 | Q3: =IF(Assumptions!$B$18,Assumptions!$B$14*K3,0) -> 18.6 | R3: =IF(Assumptions!$B$18,Assumptions!$B$15*L3,0) -> 67.6 | S3: =IF(Assumptions!$B$18,Assumptions!$B$16*M3,0) -> 273.35 | T3: =K3+N3+Q3 -> 204.6 | U3: =L3+O3+R3 -> 405.6 | V3: =M3+P3+S3 -> 1054.35 | W3: 70 | X3: 185 | Y3: 600 | Z3: =U3-X3 -> 220.6 | AA3: =IFERROR((U3-X3)/X3,"") -> 1.1924324 | AB3: =IF(ISNUMBER(AA3),IF(ABS(AA3)>Assumptions!$B$19,"REVIEW",""),"") -> REVIEW
A4: Accra | C4: 30 | D4: 90 | E4: 280 | F4: 12 | G4: 5 | H4: 3 | I4: 0.8 | J4: 2.5 | K4: =C4+3*Assumptions!$B$4*F4+Assumptions!$B$7*G4+H4+I4 -> 74.8 | L4: =D4+3*Assumptions!$B$5*F4+Assumptions!$B$8*G4+H4+I4 -> 168.6 | M4: =E4+3*Assumptions!$B$6*F4+Assumptions!$B$9*G4+H4+I4 -> 429.8 | N4: =IF(AND(Assumptions!$B$17,ISNUMBER(J4)),Assumptions!$B$10*Assumptions!$B$13*J4,0) -> 3.75 | O4: =IF(AND(Assumptions!$B$17,ISNUMBER(J4)),Assumptions!$B$11*Assumptions!$B$13*J4,0) -> 7.5 | P4: =IF(AND(Assumptions!$B$17,ISNUMBER(J4)),Assumptions!$B$12*Assumptions!$B$13*J4,0) -> 11.25 | Q4: =IF(Assumptions!$B$18,Assumptions!$B$14*K4,0) -> 7.48 | R4: =IF(Assumptions!$B$18,Assumptions!$B$15*L4,0) -> 33.72 | S4: =IF(Assumptions!$B$18,Assumptions!$B$16*M4,0) -> 150.43 | T4: =K4+N4+Q4 -> 86.03 | U4: =L4+O4+R4 -> 209.82 | V4: =M4+P4+S4 -> 591.48 | W4: 45 | X4: 115 | Y4: 350 | Z4: =U4-X4 -> 94.82 | AA4: =IFERROR((U4-X4)/X4,"") -> 0.82452174 | AB4: =IF(ISNUMBER(AA4),IF(ABS(AA4)>Assumptions!$B$19,"REVIEW",""),"") -> REVIEW
A5: Addis Ababa | C5: 15 | D5: 70 | E5: 280 | F5: 8 | G5: 4 | H5: 1.05 | I5: 0.49 | J5: 0.95 | K5: =C5+3*Assumptions!$B$4*F5+Assumptions!$B$7*G5+H5+I5 -> 44.54 | L5: =D5+3*Assumptions!$B$5*F5+Assumptions!$B$8*G5+H5+I5 -> 122.74 | M5: =E5+3*Assumptions!$B$6*F5+Assumptions!$B$9*G5+H5+I5 -> 381.54 | N5: =IF(AND(Assumptions!$B$17,ISNUMBER(J5)),Assumptions!$B$10*Assumptions!$B$13*J5,0) -> 1.425 | O5: =IF(AND(Assumptions!$B$17,ISNUMBER(J5)),Assumptions!$B$11*Assumptions!$B$13*J5,0) -> 2.85 | P5: =IF(AND(Assumptions!$B$17,ISNUMBER(J5)),Assumptions!$B$12*Assumptions!$B$13*J5,0) -> 4.275 | Q5: =IF(Assumptions!$B$18,Assumptions!$B$14*K5,0) -> 4.454 | R5: =IF(Assumptions!$B$18,Assumptions!$B$15*L5,0) -> 24.548 | S5: =IF(Assumptions!$B$18,Assumptions!$B$16*M5,0) -> 133.539 | T5: =K5+N5+Q5 -> 50.419 | U5: =L5+O5+R5 -> 150.138 | V5: =M5+P5+S5 -> 519.354 | W5: 35 | X5: 90 | Y5: 295 | Z5: =U5-X5 -> 60.138 | AA5: =IFERROR((U5-X5)/X5,"") -> 0.6682 | AB5: =IF(ISNUMBER(AA5),IF(ABS(AA5)>Assumptions!$B$19,"REVIEW",""),"") -> REVIEW
A6: Ahmedabad | C6: 15 | D6: 40 | E6: 110 | F6: 4 | G6: 3 | H6: 1.5 | I6: 0.3 | J6: 6 | K6: =C6+3*Assumptions!$B$4*F6+Assumptions!$B$7*G6+H6+I6 -> 31.8 | L6: =D6+3*Assumptions!$B$5*F6+Assumptions!$B$8*G6+H6+I6 -> 69.4 | M6: =E6+3*Assumptions!$B$6*F6+Assumptions!$B$9*G6+H6+I6 -> 165.8 | N6: =IF(AND(Assumptions!$B$17,ISNUMBER(J6)),Assumptions!$B$10*Assumptions!$B$13*J6,0) -> 9 | O6: =IF(AND(Assumptions!$B$17,ISNUMBER(J6)),Assumptions!$B$11*Assumptions!$B$13*J6,0) -> 18 | P6: =IF(AND(Assumptions!$B$17,ISNUMBER(J6)),Assumptions!$B$12*Assumptions!$B$13*J6,0) -> 27 | Q6: =IF(Assumptions!$B$18,Assumptions!$B$14*K6,0) -> 3.18 | R6: =IF(Assumptions!$B$18,Assumptions!$B$15*L6,0) -> 13.88 | S6: =IF(Assumptions!$B$18,Assumptions!$B$16*M6,0) -> 58.03 | T6: =K6+N6+Q6 -> 43.98 | U6: =L6+O6+R6 -> 101.28 | V6: =M6+P6+S6 -> 250.83 | W6: 25 | X6: 60 | Y6: 180 | Z6: =U6-X6 -> 41.28 | AA6: =IFERROR((U6-X6)/X6,"") -> 0.688 | AB6: =IF(ISNUMBER(AA6),IF(ABS(AA6)>Assumptions!$B$19,"REVIEW",""),"") -> REVIEW
A7: Alexandria | C7: 20 | D7: 70 | E7: 180 | F7: 6 | G7: 3 | H7: 1.5 | I7: 0.4 | J7: 3 | K7: =C7+3*Assumptions!$B$4*F7+Assumptions!$B$7*G7+H7+I7 -> 42.9 | L7: =D7+3*Assumptions!$B$5*F7+Assumptions!$B$8*G7+H7+I7 -> 110.3 | M7: =E7+3*Assumptions!$B$6*F7+Assumptions!$B$9*G7+H7+I7 -> 256.9 | N7: =IF(AND(Assumptions!$B$17,ISNUMBER(J7)),Assumptions!$B$10*Assumptions!$B$13*J7,0) -> 4.5 | O7: =IF(AND(Assumptions!$B$17,ISNUMBER(J7)),Assumptions!$B$11*Assumptions!$B$13*J7,0) -> 9 | P7: =IF(AND(Assumptions!$B$17,ISNUMBER(J7)),Assumptions!$B$12*Assumptions!$B$13*J7,0) -> 13.5 | Q7: =IF(Assumptions!$B$18,Assumptions!$B$14*K7,0) -> 4.29 | R7: =IF(Assumptions!$B$18,Assumptions!$B$15*L7,0) -> 22.06 | S7: =IF(Assumptions!$B$18,Assumptions!$B$16*M7,0) -> 89.915 | T7: =K7+N7+Q7 -> 51.69 | U7: =L7+O7+R7 -> 141.36 | V7: =M7+P7+S7 -> 360.315 | W7: 30 | X7: 75 | Y7: 250 | Z7: =U7-X7 -> 66.36 | AA7: =IFERROR((U7-X7)/X7,"") -> 0.8848 | AB7: =IF(ISNUMBER(AA7),IF(ABS(AA7)>Assumptions!$B$19,"REVIEW",""),"") -> REVIEW
A8: Algiers | C8: 35 | D8: 65 | E8: 180 | F8: 9 | G8: 5 | H8: 1.3 | I8: 0.5 | J8: 4 | K8: =C8+3*Assumptions!$B$4*F8+Assumptions!$B$7*G8+H8+I8 -> 68.8 | L8: =D8+3*Assumptions!$B$5*F8+Assumptions!$B$8*G8+H8+I8 -> 125.4 | M8: =E8+3*Assumptions!$B$6*F8+Assumptions!$B$9*G8+H8+I8 -> 296.3 | N8: =IF(AND(Assumptions!$B$17,ISNUMBER(J8)),Assumptions!$B$10*Assumptions!$B$13*J8,0) -> 6 | O8: =IF(AND(Assumptions!$B$17,ISNUMBER(J8)),Assumptions!$B$11*Assumptions!$B$13*J8,0) -> 12 | P8: =IF(AND(Assumptions!$B$17,ISNUMBER(J8)),Assumptions!$B$12*Assumptions!$B$13*J8,0) -> 18 | Q8: =IF(Assumptions!$B$18,Assumptions!$B$14*K8,0) -> 6.88 | R8: =IF(Assumptions!$B$18,Assumptions!$B$15*L8,0) -> 25.08 | S8: =IF(Assumptions!$B$18,Assumptions!$B$16*M8,0) -> 103.705 | T8: =K8+N8+Q8 -> 81.68 | U8: =L8+O8+R8 -> 162.48 | V8: =M8+P8+S8 -> 418.005 | W8: 40 | X8: 100 | Y8: 285 | Z8: =U8-X8 -> 62.48 | AA8: =IFERROR((U8-X8)/X8,"") -> 0.6248 | AB8: =IF(ISNUMBER(AA8),IF(ABS(AA8)>Assumptions!$B$19,"REVIEW",""),"") -> REVIEW
A9: Almaty | C9: 25 | D9: 72 | E9: 220 | F9: 15 | G9: 4 | H9: 2.4 | I9: 0.5 | J9: 2 | K9: =C9+3*Assumptions!$B$4*F9+Assumptions!$B$7*G9+H9+I9 -> 76.9 | L9: =D9+3*Assumptions!$B$5*F9+Assumptions!$B$8*G9+H9+I9 -> 163.9 | M9: =E9+3*Assumptions!$B$6*F9+Assumptions!$B$9*G9+H9+I9 -> 396.4 | N9: =IF(AND(Assumptions!$B$17,ISNUMBER(J9)),Assumptions!$B$10*Assumptions!$B$13*J9,0) -> 3 | O9: =IF(AND(Assumptions!$B$17,ISNUMBER(J9)),Assumptions!$B$11*Assumptions!$B$13*J9,0) -> 6 | P9: =IF(AND(Assumptions!$B$17,ISNUMBER(J9)),Assumptions!$B$12*Assumptions!$B$13*J9,0) -> 9 | Q9: =IF(Assumptions!$B$18,Assumptions!$B$14*K9,0) -> 7.69 | R9: =IF(Assumptions!$B$18,Assumptions!$B$15*L9,0) -> 32.78 | S9: =IF(Assumptions!$B$18,Assumptions!$B$16*M9,0) -> 138.74 | T9: =K9+N9+Q9 -> 87.59 | U9: =L9+O9+R9 -> 202.68 | V9: =M9+P9+S9 -> 544.14 | W9: 45 | X9: 110 | Y9: 335 | Z9: =U9-X9 -> 92.68 | AA9: =IFERROR((U9-X9)/X9,"") -> 0.84254545 | AB9: =IF(ISNUMBER(AA9),IF(ABS(AA9)>Assumptions!$B$19,"REVIEW",""),"") -> REVIEW
A10: Amman | C10: 40 | D10: 90 | E10: 220 | F10: 18 | G10: 5 | H10: 3 | I10: 1 | J10: 7 | K10: =C10+3*Assumptions!$B$4*F10+Assumptions!$B$7*G10+H10+I10 -> 103 | L10: =D10+3*Assumptions!$B$5*F10+Assumptions!$B$8*G10+H10+I10 -> 201.2 | M10: =E10+3*Assumptions!$B$6*F10+Assumptions!$B$9*G10+H10+I10 -> 433 | N10: =IF(AND(Assumptions!$B$17,ISNUMBER(J10)),Assumptions!$B$10*Assumptions!$B$13*J10,0) -> 10.5 | O10: =IF(AND(Assumptions!$B$17,ISNUMBER(J10)),Assumptions!$B$11*Assumptions!$B$13*J10,0) -> 21 | P10: =IF(AND(Assumptions!$B$17,ISNUMBER(J10)),Assumptions!$B$12*Assumptions!$B$13*J10,0) -> 31.5 | Q10: =IF(Assumptions!$B$18,Assumptions!$B$14*K10,0) -> 10.3 | R10: =IF(Assumptions!$B$18,Assumptions!$B$15*L10,0) -> 40.24 | S10: =IF(Assumptions!$B$18,Assumptions!$B$16*M10,0) -> 151.55 | T10: =K10+N10+Q10 -> 123.8 | U10: =L10+O10+R10 -> 262.44 | V10: =M10+P10+S10 -> 616.05 | W10: 50 | X10: 130 | Y10: 385 | Z10: =U10-X10 -> 132.44 | AA10: =IFERROR((U10-X10)/X10,"") -> 1.0187692 | AB10: =IF(ISNUMBER(AA10),IF(ABS(AA10)>Assumptions!$B$19,"REVIEW",""),"") -> REVIEW
A11: Amsterdam | C11: 80 | D11: 160 | E11: 380 | F11: 28 | G11: 25 | H11: 3.5 | I11: 1.5 | J11: 6 | K11: =C11+3*Assumptions!$B$4*F11+Assumptions!$B$7*G11+H11+I11 -> 194 | L11: =D11+3*Assumptions!$B$5*F11+Assumptions!$B$8*G11+H11+I11 -> 366.2 | M11: =E11+3*Assumptions!$B$6*F11+Assumptions!$B$9*G11+H11+I11 -> 779 | N11: =IF(AND(Assumptions!$B$17,ISNUMBER(J11)),Assumptions!$B$10*Assumptions!$B$13*J11,0) -> 9 | O11: =IF(AND(Assumptions!$B$17,ISNUMBER(J11)),Assumptions!$B$11*Assumptions!$B$13*J11,0) -> 18 | P11: =IF(AND(Assumptions!$B$17,ISNUMBER(J11)),Assumptions!$B$12*Assumptions!$B$13*J11,0) -> 27 | Q11: =IF(Assumptions!$B$18,Assumptions!$B$14*K11,0) -> 19.4 | R11: =IF(Assumptions!$B$18,Assumptions!$B$15*L11,0) -> 73.24 | S11: =IF(Assumptions!$B$18,Assumptions!$B$16*M11,0) -> 272.65 | T11: =K11+N11+Q11 -> 222.4 | U11: =L11+O11+R11 -> 457.44 | V11: =M11+P11+S11 -> 1078.65 | W11: 90 | X11: 220 | Y11: 600 | Z11: =U11-X11 -> 237.44 | AA11: =IFERROR((U11-X11)/X11,"") -> 1.0792727 | AB11: =IF(ISNUMBER(AA11),IF(ABS(AA11)>Assumptions!$B$19,"REVIEW",""),"") -> REVIEW
A12: Andorra la Vella | C12: 55 | D12: 115 | E12: 240 | F12: 24 | G12: 10 | H12: 2.2 | I12: 1.3 | J12: 4.5 | K12: =C12+3*Assumptions!$B$4*F12+Assumptions!$B$7*G12+H12+I12 -> 140.5 | L12: =D12+3*Assumptions!$B$5*F12+Assumptions!$B$8*G12+H12+I12 -> 268.1 | M12: =E12+3*Assumptions!$B$6*F12+Assumptions!$B$9*G12+H12+I12 -> 535.5 | N12: =IF(AND(Assumptions!$B$17,ISNUMBER(J12)),Assumptions!$B$10*Assumptions!$B$13*J12,0) -> 6.75 | O12: =IF(AND(Assumptions!$B$17,ISNUMBER(J12)),Assumptions!$B$11*Assumptions!$B$13*J12,0) -> 13.5 | P12: =IF(AND(Assumptions!$B$17,ISNUMBER(J12)),Assumptions!$B$12*Assumptions!$B$13*J12,0) -> 20.25 | Q12: =IF(Assumptions!$B$18,Assumptions!$B$14*K12,0) -> 14.05 | R12: =IF(Assumptions!$B$18,Assumptions!$B$15*L12,0) -> 53.62 | S12: =IF(Assumptions!$B$18,Assumptions!$B$16*M12,0) -> 187.425 | T12: =K12+N12+Q12 -> 161.3 | U12: =L12+O12+R12 -> 335.22 | V12: =M12+P12+S12 -> 743.175 | W12: 65 | X12: 160 | Y12: 465 | Z12: =U12-X12 -> 175.22 | AA12: =IFERROR((U12-X12)/X12,"") -> 1.095125 | AB12: =IF(ISNUMBER(AA12),IF(ABS(AA12)>Assumptions!$B$19,"REVIEW",""),"") -> REVIEW
A13: Ankara | C13: 20 | D13: 55 | E13: 130 | F13: 9 | G13: 5 | H13: 2.2 | I13: 0.4 | J13: 3 | K13: =C13+3*Assumptions!$B$4*F13+Assumptions!$B$7*G13+H13+I13 -> 54.6 | L13: =D13+3*Assumptions!$B$5*F13+Assumptions!$B$8*G13+H13+I13 -> 116.2 | M13: =E13+3*Assumptions!$B$6*F13+Assumptions!$B$9*G13+H13+I13 -> 247.1 | N13: =IF(AND(Assumptions!$B$17,ISNUMBER(J13)),Assumptions!$B$10*Assumptions!$B$13*J13,0) -> 4.5 | O13: =IF(AND(Assumptions!$B$17,ISNUMBER(J13)),Assumptions!$B$11*Assumptions!$B$13*J13,0) -> 9 | P13: =IF(AND(Assumptions!$B$17,ISNUMBER(J13)),Assumptions!$B$12*Assumptions!$B$13*J13,0) -> 13.5 | Q13: =IF(Assumptions!$B$18,Assumptions!$B$14*K13,0) -> 5.46 | R13: =IF(Assumptions!$B$18,Assumptions!$B$15*L13,0) -> 23.24 | S13: =IF(Assumptions!$B$18,Assumptions!$B$16*M13,0) -> 86.485 | T13: =K13+N13+Q13 -> 64.56 | U13: =L13+O13+R13 -> 148.44 | V13: =M13+P13+S13 -> 347.085 | W13: 30 | X13: 75 | Y13: 220 | Z13: =U13-X13 -> 73.44 | AA13: =IFERROR((U13-X13)/X13,"") -> 0.9792 | AB13: =IF(ISNUMBER(AA13),IF(ABS(AA13)>Assumptions!$B$19,"REVIEW",""),"") -> REVIEW
A14: Antalya | C14: 25 | D14: 55 | E14: 160 | F14: 12 | G14: 7 | H14: 3 | I14: 0.4 | J14: 4 | K14: =C14+3*Assumptions!$B$4*F14+Assumptions!$B$7*G14+H14+I14 -> 71.4 | L14: =D14+3*Assumptions!$B$5*F14+Assumptions!$B$8*G14+H14+I14 -> 137.2 | M14: =E14+3*Assumptions!$B$6*F14+Assumptions!$B$9*G14+H14+I14 -> 317.4 | N14: =IF(AND(Assumptions!$B$17,ISNUMBER(J14)),Assumptions!$B$10*Assumptions!$B$13*J14,0) -> 6 | O14: =IF(AND(Assumptions!$B$17,ISNUMBER(J14)),Assumptions!$B$11*Assumptions!$B$13*J14,0) -> 12 | P14: =IF(AND(Assumptions!$B$17,ISNUMBER(J14)),Assumptions!$B$12*Assumptions!$B$13*J14,0) -> 18 | Q14: =IF(Assumptions!$B$18,Assumptions!$B$14*K14,0) -> 7.14 | R14: =IF(Assumptions!$B$18,Assumptions!$B$15*L14,0) -> 27.44 | S14: =IF(Assumptions!$B$18,Assumptions!$B$16*M14,0) -> 111.09 | T14: =K14+N14+Q14 -> 84.54 | U14: =L14+O14+R14 -> 176.64 | V14: =M14+P14+S14 -> 446.49 | W14: 40 | X14: 95 | Y14: 280 | Z14: =U14-X14 -> 81.64 | AA14: =IFERROR((U14-X14)/X14,"") -> 0.85936842 | AB14: =IF(ISNUMBER(AA14),IF(ABS(AA14)>Assumptions!$B$19,"REVIEW",""),"") -> REVIEW
A15: Antananarivo | C15: 20 | D15: 55 | E15: 150 | F15: 8 | G15: 4 | H15: 1.5 | I15: 0.5 | J15: 2 | K15: =C15+3*Assumptions!$B$4*F15+Assumptions!$B$7*G15+H15+I15 -> 50 | L15: =D15+3*Assumptions!$B$5*F15+Assumptions!$B$8*G15+H15+I15 -> 108.2 | M15: =E15+3*Assumptions!$B$6*F15+Assumptions!$B$9*G15+H15+I15 -> 252 | N15: =IF(AND(Assumptions!$B$17,ISNUMBER(J15)),Assumptions!$B$10*Assumptions!$B$13*J15,0) -> 3 | O15: =IF(AND(Assumptions!$B$17,ISNUMBER(J15)),Assumptions!$B$11*Assumptions!$B$13*J15,0) -> 6 | P15: =IF(AND(Assumptions!$B$17,ISNUMBER(J15)),Assumptions!$B$12*Assumptions!$B$13*J15,0) -> 9 | Q15: =IF(Assumptions!$B$18,Assumptions!$B$14*K15,0) -> 5 | R15: =IF(Assumptions!$B$18,Assumptions!$B$15*L15,0) -> 21.64 | S15: =IF(Assumptions!$B$18,Assumptions!$B$16*M15,0) -> 88.2 | T15: =K15+N15+Q15 -> 58 | U15: =L15+O15+R15 -> 135.84 | V15: =M15+P15+S15 -> 349.2 | W15: 35 | X15: 80 | Y15: 245 | Z15: =U15-X15 -> 55.84 | AA15: =IFERROR((U15-X15)/X15,"") -> 0.698 | AB15: =IF(ISNUMBER(AA15),IF(ABS(AA15)>Assumptions!$B$19,"REVIEW",""),"") -> REVIEW
... A24: Bamako | C24: 28 | D24: 90 | E24: 180 | F24: 12 | G24: 4 | H24: 2 | I24: 0.7 | J24: 3 | K24: =C24+3*Assumptions!$B$4*F24+Assumptions!$B$7*G24+H24+I24 -> 70.7 | L24: =D24+3*Assumptions!$B$5*F24+Assumptions!$B$8*G24+H24+I24 -> 165.5 | M24: =E24+3*Assumptions!$B$6*F24+Assumptions!$B$9*G24+H24+I24 -> 324.7 | N24: =IF(AND(Assumptions!$B$17,ISNUMBER(J24)),Assumptions!$B$10*Assumptions!$B$13*J24,0) -> 4.5 | O24: =IF(AND(Assumptions!$B$17,ISNUMBER(J24)),Assumptions!$B$11*Assumptions!$B$13*J24,0) -> 9 | P24: =IF(AND(Assumptions!$B$17,ISNUMBER(J24)),Assumptions!$B$12*Assumptions!$B$13*J24,0) -> 13.5 | Q24: =IF(Assumptions!$B$18,Assumptions!$B$14*K24,0) -> 7.07 | R24: =IF(Assumptions!$B$18,Assumptions!$B$15*L24,0) -> 33.1 | S24: =IF(Assumptions!$B$18,Assumptions!$B$16*M24,0) -> 113.645 | T24: =K24+N24+Q24 -> 82.27 | U24: =L24+O24+R24 -> 207.6 | V24: =M24+P24+S24 -> 451.845 | W24: 40 | X24: 100 | Y24: 300 | Z24: =U24-X24 -> 107.6 | AA24: =IFERROR((U24-X24)/X24,"") -> 1.076 | AB24: =IF(ISNUMBER(AA24),IF(ABS(AA24)>Assumptions!$B$19,"REVIEW",""),"") -> REVIEW
A25: Bandar Seri Begawan | B25: restricted | C25: 25 | D25: 75 | E25: 150 | F25: 12 | G25: 10 | H25: 3 | I25: 1 | K25: =C25+3*Assumptions!$B$4*F25+Assumptions!$B$7*G25+H25+I25 -> 75 | L25: =D25+3*Assumptions!$B$5*F25+Assumptions!$B$8*G25+H25+I25 -> 163.8 | M25: =E25+3*Assumptions!$B$6*F25+Assumptions!$B$9*G25+H25+I25 -> 320 | N25: =IF(AND(Assumptions!$B$17,ISNUMBER(J25)),Assumptions!$B$10*Assumptions!$B$13*J25,0) -> 0 | O25: =IF(AND(Assumptions!$B$17,ISNUMBER(J25)),Assumptions!$B$11*Assumptions!$B$13*J25,0) -> 0 | P25: =IF(AND(Assumptions!$B$17,ISNUMBER(J25)),Assumptions!$B$12*Assumptions!$B$13*J25,0) -> 0 | Q25: =IF(Assumptions!$B$18,Assumptions!$B$14*K25,0) -> 7.5 | R25: =IF(Assumptions!$B$18,Assumptions!$B$15*L25,0) -> 32.76 | S25: =IF(Assumptions!$B$18,Assumptions!$B$16*M25,0) -> 112 | T25: =K25+N25+Q25 -> 82.5 | U25: =L25+O25+R25 -> 196.56 | V25: =M25+P25+S25 -> 432 | W25: 40 | X25: 100 | Y25: 285 | Z25: =U25-X25 -> 96.56 | AA25: =IFERROR((U25-X25)/X25,"") -> 0.9656 | AB25: =IF(ISNUMBER(AA25),IF(ABS(AA25)>Assumptions!$B$19,"REVIEW",""),"") -> REVIEW
A26: Bangkok | C26: 18 | D26: 45 | E26: 150 | F26: 8 | G26: 5 | H26: 2.5 | I26: 0.5 | J26: 3 | K26: =C26+3*Assumptions!$B$4*F26+Assumptions!$B$7*G26+H26+I26 -> 50 | L26: =D26+3*Assumptions!$B$5*F26+Assumptions!$B$8*G26+H26+I26 -> 101.2 | M26: =E26+3*Assumptions!$B$6*F26+Assumptions!$B$9*G26+H26+I26 -> 257 | N26: =IF(AND(Assumptions!$B$17,ISNUMBER(J26)),Assumptions!$B$10*Assumptions!$B$13*J26,0) -> 4.5 | O26: =IF(AND(Assumptions!$B$17,ISNUMBER(J26)),Assumptions!$B$11*Assumptions!$B$13*J26,0) -> 9 | P26: =IF(AND(Assumptions!$B$17,ISNUMBER(J26)),Assumptions!$B$12*Assumptions!$B$13*J26,0) -> 13.5 | Q26: =IF(Assumptions!$B$18,Assumptions!$B$14*K26,0) -> 5 | R26: =IF(Assumptions!$B$18,Assumptions!$B$15*L26,0) -> 20.24 | S26: =IF(Assumptions!$B$18,Assumptions!$B$16*M26,0) -> 89.95 | T26: =K26+N26+Q26 -> 59.5 | U26: =L26+O26+R26 -> 130.44 | V26: =M26+P26+S26 -> 360.45 | W26: 35 | X26: 90 | Y26: 250 | Z26: =U26-X26 -> 40.44 | AA26: =IFERROR((U26-X26)/X26,"") -> 0.44933333 | AB26: =IF(ISNUMBER(AA26),IF(ABS(AA26)>Assumptions!$B$19,"REVIEW",""),"") -> REVIEW
A27: Bangui | C27: 30 | D27: 70 | E27: 200 | F27: 12 | G27: 4 | H27: 2.5 | I27: 1 | J27: 2 | K27: =C27+3*Assumptions!$B$4*F27+Assumptions!$B$7*G27+H27+I27 -> 73.5 | L27: =D27+3*Assumptions!$B$5*F27+Assumptions!$B$8*G27+H27+I27 -> 146.3 | M27: =E27+3*Assumptions!$B$6*F27+Assumptions!$B$9*G27+H27+I27 -> 345.5 | N27: =IF(AND(Assumptions!$B$17,ISNUMBER(J27)),Assumptions!$B$10*Assumptions!$B$13*J27,0) -> 3 | O27: =IF(AND(Assumptions!$B$17,ISNUMBER(J27)),Assumptions!$B$11*Assumptions!$B$13*J27,0) -> 6 | P27: =IF(AND(Assumptions!$B$17,ISNUMBER(J27)),Assumptions!$B$12*Assumptions!$B$13*J27,0) -> 9 | Q27: =IF(Assumptions!$B$18,Assumptions!$B$14*K27,0) -> 7.35 | R27: =IF(Assumptions!$B$18,Assumptions!$B$15*L27,0) -> 29.26 | S27: =IF(Assumptions!$B$18,Assumptions!$B$16*M27,0) -> 120.925 | T27: =K27+N27+Q27 -> 83.85 | U27: =L27+O27+R27 -> 181.56 | V27: =M27+P27+S27 -> 475.425 | W27: 40 | X27: 105 | Y27: 310 | Z27: =U27-X27 -> 76.56 | AA27: =IFERROR((U27-X27)/X27,"") -> 0.72914286 | AB27: =IF(ISNUMBER(AA27),IF(ABS(AA27)>Assumptions!$B$19,"REVIEW",""),"") -> REVIEW
A28: Banjul | C28: 25 | D28: 55 | E28: 150 | F28: 8 | G28: 6 | H28: 2.5 | I28: 0.6 | J28: 3 | K28: =C28+3*Assumptions!$B$4*F28+Assumptions!$B$7*G28+H28+I28 -> 58.1 | L28: =D28+3*Assumptions!$B$5*F28+Assumptions!$B$8*G28+H28+I28 -> 113.3 | M28: =E28+3*Assumptions!$B$6*F28+Assumptions!$B$9*G28+H28+I28 -> 261.1 | N28: =IF(AND(Assumptions!$B$17,ISNUMBER(J28)),Assumptions!$B$10*Assumptions!$B$13*J28,0) -> 4.5 | O28: =IF(AND(Assumptions!$B$17,ISNUMBER(J28)),Assumptions!$B$11*Assumptions!$B$13*J28,0) -> 9 | P28: =IF(AND(Assumptions!$B$17,ISNUMBER(J28)),Assumptions!$B$12*Assumptions!$B$13*J28,0) -> 13.5 | Q28: =IF(Assumptions!$B$18,Assumptions!$B$14*K28,0) -> 5.81 | R28: =IF(Assumptions!$B$18,Assumptions!$B$15*L28,0) -> 22.66 | S28: =IF(Assumptions!$B$18,Assumptions!$B$16*M28,0) -> 91.385 | T28: =K28+N28+Q28 -> 68.41 | U28: =L28+O28+R28 -> 144.96 | V28: =M28+P28+S28 -> 365.985 | W28: 35 | X28: 85 | Y28: 250 | Z28: =U28-X28 -> 59.96 | AA28: =IFERROR((U28-X28)/X28,"") -> 0.70541176 | AB28: =IF(ISNUMBER(AA28),IF(ABS(AA28)>Assumptions!$B$19,"REVIEW",""),"") -> REVIEW
A29: Barcelona | C29: 55 | D29: 120 | E29: 300 | F29: 22 | G29: 15 | H29: 2 | I29: 1 | J29: 3.5 | K29: =C29+3*Assumptions!$B$4*F29+Assumptions!$B$7*G29+H29+I29 -> 139 | L29: =D29+3*Assumptions!$B$5*F29+Assumptions!$B$8*G29+H29+I29 -> 271.8 | M29: =E29+3*Assumptions!$B$6*F29+Assumptions!$B$9*G29+H29+I29 -> 594 | N29: =IF(AND(Assumptions!$B$17,ISNUMBER(J29)),Assumptions!$B$10*Assumptions!$B$13*J29,0) -> 5.25 | O29: =IF(AND(Assumptions!$B$17,ISNUMBER(J29)),Assumptions!$B$11*Assumptions!$B$13*J29,0) -> 10.5 | P29: =IF(AND(Assumptions!$B$17,ISNUMBER(J29)),Assumptions!$B$12*Assumptions!$B$13*J29,0) -> 15.75 | Q29: =IF(Assumptions!$B$18,Assumptions!$B$14*K29,0) -> 13.9 | R29: =IF(Assumptions!$B$18,Assumptions!$B$15*L29,0) -> 54.36 | S29: =IF(Assumptions!$B$18,Assumptions!$B$16*M29,0) -> 207.9 | T29: =K29+N29+Q29 -> 158.15 | U29: =L29+O29+R29 -> 336.66 | V29: =M29+P29+S29 -> 817.65 | W29: 75 | X29: 180 | Y29: 500 | Z29: =U29-X29 -> 156.66 | AA29: =IFERROR((U29-X29)/X29,"") -> 0.87033333 | AB29: =IF(ISNUMBER(AA29),IF(ABS(AA29)>Assumptions!$B$19,"REVIEW",""),"") -> REVIEW
A30: Basseterre | C30: 80 | D30: 150 | E30: 550 | F30: 25 | G30: 18 | H30: 3 | I30: 1.5 | J30: 5 | K30: =C30+3*Assumptions!$B$4*F30+Assumptions!$B$7*G30+H30+I30 -> 177.5 | L30: =D30+3*Assumptions!$B$5*F30+Assumptions!$B$8*G30+H30+I30 -> 325.5 | M30: =E30+3*Assumptions!$B$6*F30+Assumptions!$B$9*G30+H30+I30 -> 889 | N30: =IF(AND(Assumptions!$B$17,ISNUMBER(J30)),Assumptions!$B$10*Assumptions!$B$13*J30,0) -> 7.5 | O30: =IF(AND(Assumptions!$B$17,ISNUMBER(J30)),Assumptions!$B$11*Assumptions!$B$13*J30,0) -> 15 | P30: =IF(AND(Assumptions!$B$17,ISNUMBER(J30)),Assumptions!$B$12*Assumptions!$B$13*J30,0) -> 22.5 | Q30: =IF(Assumptions!$B$18,Assumptions!$B$14*K30,0) -> 17.75 | R30: =IF(Assumptions!$B$18,Assumptions!$B$15*L30,0) -> 65.1 | S30: =IF(Assumptions!$B$18,Assumptions!$B$16*M30,0) -> 311.15 | T30: =K30+N30+Q30 -> 202.75 | U30: =L30+O30+R30 -> 405.6 | V30: =M30+P30+S30 -> 1222.65 | W30: 85 | X30: 220 | Y30: 650 | Z30: =U30-X30 -> 185.6 | AA30: =IFERROR((U30-X30)/X30,"") -> 0.84363636 | AB30: =IF(ISNUMBER(AA30),IF(ABS(AA30)>Assumptions!$B$19,"REVIEW",""),"") -> REVIEW
A31: Beijing | C31: 35 | D31: 80 | E31: 250 | F31: 12 | G31: 8 | H31: 4.5 | I31: 0.5 | J31: 3 | K31: =C31+3*Assumptions!$B$4*F31+Assumptions!$B$7*G31+H31+I31 -> 84 | L31: =D31+3*Assumptions!$B$5*F31+Assumptions!$B$8*G31+H31+I31 -> 165.8 | M31: =E31+3*Assumptions!$B$6*F31+Assumptions!$B$9*G31+H31+I31 -> 413 | N31: =IF(AND(Assumptions!$B$17,ISNUMBER(J31)),Assumptions!$B$10*Assumptions!$B$13*J31,0) -> 4.5 | O31: =IF(AND(Assumptions!$B$17,ISNUMBER(J31)),Assumptions!$B$11*Assumptions!$B$13*J31,0) -> 9 | P31: =IF(AND(Assumptions!$B$17,ISNUMBER(J31)),Assumptions!$B$12*Assumptions!$B$13*J31,0) -> 13.5 | Q31: =IF(Assumptions!$B$18,Assumptions!$B$14*K31,0) -> 8.4 | R31: =IF(Assumptions!$B$18,Assumptions!$B$15*L31,0) -> 33.16 | S31: =IF(Assumptions!$B$18,Assumptions!$B$16*M31,0) -> 144.55 | T31: =K31+N31+Q31 -> 96.9 | U31: =L31+O31+R31 -> 207.96 | V31: =M31+P31+S31 -> 571.05 | W31: 55 | X31: 135 | Y31: 380 | Z31: =U31-X31 -> 72.96 | AA31: =IFERROR((U31-X31)/X31,"") -> 0.54044444 | AB31: =IF(ISNUMBER(AA31),IF(ABS(AA31)>Assumptions!$B$19,"REVIEW",""),"") -> REVIEW
A32: Beirut | C32: 40 | D32: 90 | E32: 260 | F32: 18 | G32: 8 | H32: 3.5 | I32: 1 | J32: 6 | K32: =C32+3*Assumptions!$B$4*F32+Assumptions!$B$7*G32+H32+I32 -> 106.5 | L32: =D32+3*Assumptions!$B$5*F32+Assumptions!$B$8*G32+H32+I32 -> 207.7 | M32: =E32+3*Assumptions!$B$6*F32+Assumptions!$B$9*G32+H32+I32 -> 485.5 | N32: =IF(AND(Assumptions!$B$17,ISNUMBER(J32)),Assumptions!$B$10*Assumptions!$B$13*J32,0) -> 9 | O32: =IF(AND(Assumptions!$B$17,ISNUMBER(J32)),Assumptions!$B$11*Assumptions!$B$13*J32,0) -> 18 | P32: =IF(AND(Assumptions!$B$17,ISNUMBER(J32)),Assumptions!$B$12*Assumptions!$B$13*J32,0) -> 27 | Q32: =IF(Assumptions!$B$18,Assumptions!$B$14*K32,0) -> 10.65 | R32: =IF(Assumptions!$B$18,Assumptions!$B$15*L32,0) -> 41.54 | S32: =IF(Assumptions!$B$18,Assumptions!$B$16*M32,0) -> 169.925 | T32: =K32+N32+Q32 -> 126.15 | U32: =L32+O32+R32 -> 267.24 | V32: =M32+P32+S32 -> 682.425 | W32: 55 | X32: 135 | Y32: 400 | Z32: =U32-X32 -> 132.24 | AA32: =IFERROR((U32-X32)/X32,"") -> 0.97955556 | AB32: =IF(ISNUMBER(AA32),IF(ABS(AA32)>Assumptions!$B$19,"REVIEW",""),"") -> REVIEW
A33: Belgrade | C33: 25 | D33: 75 | E33: 220 | F33: 15 | G33: 6 | H33: 3 | I33: 1 | J33: 3 | K33: =C33+3*Assumptions!$B$4*F33+Assumptions!$B$7*G33+H33+I33 -> 80 | L33: =D33+3*Assumptions!$B$5*F33+Assumptions!$B$8*G33+H33+I33 -> 172 | M33: =E33+3*Assumptions!$B$6*F33+Assumptions!$B$9*G33+H33+I33 -> 405.5 | N33: =IF(AND(Assumptions!$B$17,ISNUMBER(J33)),Assumptions!$B$10*Assumptions!$B$13*J33,0) -> 4.5 | O33: =IF(AND(Assumptions!$B$17,ISNUMBER(J33)),Assumptions!$B$11*Assumptions!$B$13*J33,0) -> 9 | P33: =IF(AND(Assumptions!$B$17,ISNUMBER(J33)),Assumptions!$B$12*Assumptions!$B$13*J33,0) -> 13.5 | Q33: =IF(Assumptions!$B$18,Assumptions!$B$14*K33,0) -> 8 | R33: =IF(Assumptions!$B$18,Assumptions!$B$15*L33,0) -> 34.4 | S33: =IF(Assumptions!$B$18,Assumptions!$B$16*M33,0) -> 141.925 | T33: =K33+N33+Q33 -> 92.5 | U33: =L33+O33+R33 -> 215.4 | V33: =M33+P33+S33 -> 560.925 | W33: 45 | X33: 110 | Y33: 340 | Z33: =U33-X33 -> 105.4 | AA33: =IFERROR((U33-X33)/X33,"") -> 0.95818182 | AB33: =IF(ISNUMBER(AA33),IF(ABS(AA33)>Assumptions!$B$19,"REVIEW",""),"") -> REVIEW
A34: Belize City | C34: 35 | D34: 90 | E34: 220 | F34: 12 | G34: 7 | H34: 2.5 | I34: 1.5 | J34: 3 | K34: =C34+3*Assumptions!$B$4*F34+Assumptions!$B$7*G34+H34+I34 -> 82 | L34: =D34+3*Assumptions!$B$5*F34+Assumptions!$B$8*G34+H34+I34 -> 172.8 | M34: =E34+3*Assumptions!$B$6*F34+Assumptions!$B$9*G34+H34+I34 -> 378 | N34: =IF(AND(Assumptions!$B$17,ISNUMBER(J34)),Assumptions!$B$10*Assumptions!$B$13*J34,0) -> 4.5 | O34: =IF(AND(Assumptions!$B$17,ISNUMBER(J34)),Assumptions!$B$11*Assumptions!$B$13*J34,0) -> 9 | P34: =IF(AND(Assumptions!$B$17,ISNUMBER(J34)),Assumptions!$B$12*Assumptions!$B$13*J34,0) -> 13.5 | Q34: =IF(Assumptions!$B$18,Assumptions!$B$14*K34,0) -> 8.2 | R34: =IF(Assumptions!$B$18,Assumptions!$B$15*L34,0) -> 34.56 | S34: =IF(Assumptions!$B$18,Assumptions!$B$16*M34,0) -> 132.3 | T34: =K34+N34+Q34 -> 94.7 | U34: =L34+O34+R34 -> 216.36 | V34: =M34+P34+S34 -> 523.8 | W34: 45 | X34: 110 | Y34: 330 | Z34: =U34-X34 -> 106.36 | AA34: =IFERROR((U34-X34)/X34,"") -> 0.96690909 | AB34: =IF(ISNUMBER(AA34),IF(ABS(AA34)>Assumptions!$B$19,"REVIEW",""),"") -> REVIEW
A35: Bengaluru | C35: 20 | D35: 55 | E35: 130 | F35: 6 | G35: 3 | H35: 1.5 | I35: 0.4 | J35: 3 | K35: =C35+3*Assumptions!$B$4*F35+Assumptions!$B$7*G35+H35+I35 -> 42.9 | L35: =D35+3*Assumptions!$B$5*F35+Assumptions!$B$8*G35+H35+I35 -> 95.3 | M35: =E35+3*Assumptions!$B$6*F35+Assumptions!$B$9*G35+H35+I35 -> 206.9 | N35: =IF(AND(Assumptions!$B$17,ISNUMBER(J35)),Assumptions!$B$10*Assumptions!$B$13*J35,0) -> 4.5 | O35: =IF(AND(Assumptions!$B$17,ISNUMBER(J35)),Assumptions!$B$11*Assumptions!$B$13*J35,0) -> 9 | P35: =IF(AND(Assumptions!$B$17,ISNUMBER(J35)),Assumptions!$B$12*Assumptions!$B$13*J35,0) -> 13.5 | Q35: =IF(Assumptions!$B$18,Assumptions!$B$14*K35,0) -> 4.29 | R35: =IF(Assumptions!$B$18,Assumptions!$B$15*L35,0) -> 19.06 | S35: =IF(Assumptions!$B$18,Assumptions!$B$16*M35,0) -> 72.415 | T35: =K35+N35+Q35 -> 51.69 | U35: =L35+O35+R35 -> 123.36 | V35: =M35+P35+S35 -> 292.815 | W35: 30 | X35: 75 | Y35: 220 | Z35: =U35-X35 -> 48.36 | AA35: =IFERROR((U35-X35)/X35,"") -> 0.6448 | AB35: =IF(ISNUMBER(AA35),IF(ABS(AA35)>Assumptions!$B$19,"REVIEW",""),"") -> REVIEW
A36: Berlin | C36: 60 | D36: 110 | E36: 260 | F36: 18 | G36: 25 | H36: 3.2 | I36: 2.5 | J36: 4 | K36: =C36+3*Assumptions!$B$4*F36+Assumptions!$B$7*G36+H36+I36 -> 144.7 | L36: =D36+3*Assumptions!$B$5*F36+Assumptions!$B$8*G36+H36+I36 -> 262.9 | M36: =E36+3*Assumptions!$B$6*F36+Assumptions!$B$9*G36+H36+I36 -> 554.7 | N36: =IF(AND(Assumptions!$B$17,ISNUMBER(J36)),Assumptions!$B$10*Assumptions!$B$13*J36,0) -> 6 | O36: =IF(AND(Assumptions!$B$17,ISNUMBER(J36)),Assumptions!$B$11*Assumptions!$B$13*J36,0) -> 12 | P36: =IF(AND(Assumptions!$B$17,ISNUMBER(J36)),Assumptions!$B$12*Assumptions!$B$13*J36,0) -> 18 | Q36: =IF(Assumptions!$B$18,Assumptions!$B$14*K36,0) -> 14.47 | R36: =IF(Assumptions!$B$18,Assumptions!$B$15*L36,0) -> 52.58 | S36: =IF(Assumptions!$B$18,Assumptions!$B$16*M36,0) -> 194.145 | T36: =K36+N36+Q36 -> 165.17 | U36: =L36+O36+R36 -> 327.48 | V36: =M36+P36+S36 -> 766.845 | W36: 70 | X36: 170 | Y36: 470 | Z36: =U36-X36 -> 157.48 | AA36: =IFERROR((U36-X36)/X36,"") -> 0.92635294 | AB36: =IF(ISNUMBER(AA36),IF(ABS(AA36)>Assumptions!$B$19,"REVIEW",""),"") -> REVIEW
A37: Bishkek | C37: 15 | D37: 45 | E37: 180 | F37: 8 | G37: 3 | H37: 2 | I37: 0.4 | J37: 1.3 | K37: =C37+3*Assumptions!$B$4*F37+Assumptions!$B$7*G37+H37+I37 -> 44.4 | L37: =D37+3*Assumptions!$B$5*F37+Assumptions!$B$8*G37+H37+I37 -> 96.6 | M37: =E37+3*Assumptions!$B$6*F37+Assumptions!$B$9*G37+H37+I37 -> 278.4 | N37: =IF(AND(Assumptions!$B$17,ISNUMBER(J37)),Assumptions!$B$10*Assumptions!$B$13*J37,0) -> 1.95 | O37: =IF(AND(Assumptions!$B$17,ISNUMBER(J37)),Assumptions!$B$11*Assumptions!$B$13*J37,0) -> 3.9 | P37: =IF(AND(Assumptions!$B$17,ISNUMBER(J37)),Assumptions!$B$12*Assumptions!$B$13*J37,0) -> 5.85 | Q37: =IF(Assumptions!$B$18,Assumptions!$B$14*K37,0) -> 4.44 | R37: =IF(Assumptions!$B$18,Assumptions!$B$15*L37,0) -> 19.32 | S37: =IF(Assumptions!$B$18,Assumptions!$B$16*M37,0) -> 97.44 | T37: =K37+N37+Q37 -> 50.79 | U37: =L37+O37+R37 -> 119.82 | V37: =M37+P37+S37 -> 381.69 | W37: 30 | X37: 80 | Y37: 250 | Z37: =U37-X37 -> 39.82 | AA37: =IFERROR((U37-X37)/X37,"") -> 0.49775 | AB37: =IF(ISNUMBER(AA37),IF(ABS(AA37)>Assumptions!$B$19,"REVIEW",""),"") -> REVIEW
... A69: Denpasar | C69: 25 | D69: 60 | E69: 180 | F69: 12 | G69: 12 | H69: 2 | I69: 0.5 | J69: 2.5 | K69: =C69+3*Assumptions!$B$4*F69+Assumptions!$B$7*G69+H69+I69 -> 75.5 | L69: =D69+3*Assumptions!$B$5*F69+Assumptions!$B$8*G69+H69+I69 -> 151.3 | M69: =E69+3*Assumptions!$B$6*F69+Assumptions!$B$9*G69+H69+I69 -> 356.5 | N69: =IF(AND(Assumptions!$B$17,ISNUMBER(J69)),Assumptions!$B$10*Assumptions!$B$13*J69,0) -> 3.75 | O69: =IF(AND(Assumptions!$B$17,ISNUMBER(J69)),Assumptions!$B$11*Assumptions!$B$13*J69,0) -> 7.5 | P69: =IF(AND(Assumptions!$B$17,ISNUMBER(J69)),Assumptions!$B$12*Assumptions!$B$13*J69,0) -> 11.25 | Q69: =IF(Assumptions!$B$18,Assumptions!$B$14*K69,0) -> 7.55 | R69: =IF(Assumptions!$B$18,Assumptions!$B$15*L69,0) -> 30.26 | S69: =IF(Assumptions!$B$18,Assumptions!$B$16*M69,0) -> 124.775 | T69: =K69+N69+Q69 -> 86.8 | U69: =L69+O69+R69 -> 189.06 | V69: =M69+P69+S69 -> 492.525 | W69: 35 | X69: 85 | Y69: 280 | Z69: =U69-X69 -> 104.06 | AA69: =IFERROR((U69-X69)/X69,"") -> 1.2242353 | AB69: =IF(ISNUMBER(AA69),IF(ABS(AA69)>Assumptions!$B$19,"REVIEW",""),"") -> REVIEW
A70: Dhaka | B70: restricted | C70: 20 | D70: 70 | E70: 180 | F70: 6 | G70: 4 | H70: 2.5 | I70: 0.3 | K70: =C70+3*Assumptions!$B$4*F70+Assumptions!$B$7*G70+H70+I70 -> 44.8 | L70: =D70+3*Assumptions!$B$5*F70+Assumptions!$B$8*G70+H70+I70 -> 113.2 | M70: =E70+3*Assumptions!$B$6*F70+Assumptions!$B$9*G70+H70+I70 -> 261.8 | N70: =IF(AND(Assumptions!$B$17,ISNUMBER(J70)),Assumptions!$B$10*Assumptions!$B$13*J70,0) -> 0 | O70: =IF(AND(Assumptions!$B$17,ISNUMBER(J70)),Assumptions!$B$11*Assumptions!$B$13*J70,0) -> 0 | P70: =IF(AND(Assumptions!$B$17,ISNUMBER(J70)),Assumptions!$B$12*Assumptions!$B$13*J70,0) -> 0 | Q70: =IF(Assumptions!$B$18,Assumptions!$B$14*K70,0) -> 4.48 | R70: =IF(Assumptions!$B$18,Assumptions!$B$15*L70,0) -> 22.64 | S70: =IF(Assumptions!$B$18,Assumptions!$B$16*M70,0) -> 91.63 | T70: =K70+N70+Q70 -> 49.28 | U70: =L70+O70+R70 -> 135.84 | V70: =M70+P70+S70 -> 353.43 | W70: 30 | X70: 80 | Y70: 240 | Z70: =U70-X70 -> 55.84 | AA70: =IFERROR((U70-X70)/X70,"") -> 0.698 | AB70: =IF(ISNUMBER(AA70),IF(ABS(AA70)>Assumptions!$B$19,"REVIEW",""),"") -> REVIEW
A71: Dili | C71: 20 | D71: 70 | E71: 150 | F71: 10 | G71: 4 | H71: 2 | I71: 1 | J71: 3.5 | K71: =C71+3*Assumptions!$B$4*F71+Assumptions!$B$7*G71+H71+I71 -> 57 | L71: =D71+3*Assumptions!$B$5*F71+Assumptions!$B$8*G71+H71+I71 -> 135 | M71: =E71+3*Assumptions!$B$6*F71+Assumptions!$B$9*G71+H71+I71 -> 274 | N71: =IF(AND(Assumptions!$B$17,ISNUMBER(J71)),Assumptions!$B$10*Assumptions!$B$13*J71,0) -> 5.25 | O71: =IF(AND(Assumptions!$B$17,ISNUMBER(J71)),Assumptions!$B$11*Assumptions!$B$13*J71,0) -> 10.5 | P71: =IF(AND(Assumptions!$B$17,ISNUMBER(J71)),Assumptions!$B$12*Assumptions!$B$13*J71,0) -> 15.75 | Q71: =IF(Assumptions!$B$18,Assumptions!$B$14*K71,0) -> 5.7 | R71: =IF(Assumptions!$B$18,Assumptions!$B$15*L71,0) -> 27 | S71: =IF(Assumptions!$B$18,Assumptions!$B$16*M71,0) -> 95.9 | T71: =K71+N71+Q71 -> 67.95 | U71: =L71+O71+R71 -> 172.5 | V71: =M71+P71+S71 -> 385.65 | W71: 35 | X71: 85 | Y71: 260 | Z71: =U71-X71 -> 87.5 | AA71: =IFERROR((U71-X71)/X71,"") -> 1.0294118 | AB71: =IF(ISNUMBER(AA71),IF(ABS(AA71)>Assumptions!$B$19,"REVIEW",""),"") -> REVIEW
A72: Djibouti City | C72: 30 | D72: 90 | E72: 260 | F72: 12 | G72: 5 | H72: 2.5 | I72: 1 | J72: 5 | K72: =C72+3*Assumptions!$B$4*F72+Assumptions!$B$7*G72+H72+I72 -> 74.5 | L72: =D72+3*Assumptions!$B$5*F72+Assumptions!$B$8*G72+H72+I72 -> 168.3 | M72: =E72+3*Assumptions!$B$6*F72+Assumptions!$B$9*G72+H72+I72 -> 409.5 | N72: =IF(AND(Assumptions!$B$17,ISNUMBER(J72)),Assumptions!$B$10*Assumptions!$B$13*J72,0) -> 7.5 | O72: =IF(AND(Assumptions!$B$17,ISNUMBER(J72)),Assumptions!$B$11*Assumptions!$B$13*J72,0) -> 15 | P72: =IF(AND(Assumptions!$B$17,ISNUMBER(J72)),Assumptions!$B$12*Assumptions!$B$13*J72,0) -> 22.5 | Q72: =IF(Assumptions!$B$18,Assumptions!$B$14*K72,0) -> 7.45 | R72: =IF(Assumptions!$B$18,Assumptions!$B$15*L72,0) -> 33.66 | S72: =IF(Assumptions!$B$18,Assumptions!$B$16*M72,0) -> 143.325 | T72: =K72+N72+Q72 -> 89.45 | U72: =L72+O72+R72 -> 216.96 | V72: =M72+P72+S72 -> 575.325 | W72: 45 | X72: 110 | Y72: 340 | Z72: =U72-X72 -> 106.96 | AA72: =IFERROR((U72-X72)/X72,"") -> 0.97236364 | AB72: =IF(ISNUMBER(AA72),IF(ABS(AA72)>Assumptions!$B$19,"REVIEW",""),"") -> REVIEW
A73: Doha | B73: restricted | C73: 80 | D73: 150 | E73: 400 | F73: 30 | G73: 15 | H73: 5 | I73: 1 | K73: =C73+3*Assumptions!$B$4*F73+Assumptions!$B$7*G73+H73+I73 -> 191 | L73: =D73+3*Assumptions!$B$5*F73+Assumptions!$B$8*G73+H73+I73 -> 348 | M73: =E73+3*Assumptions!$B$6*F73+Assumptions!$B$9*G73+H73+I73 -> 781 | N73: =IF(AND(Assumptions!$B$17,ISNUMBER(J73)),Assumptions!$B$10*Assumptions!$B$13*J73,0) -> 0 | O73: =IF(AND(Assumptions!$B$17,ISNUMBER(J73)),Assumptions!$B$11*Assumptions!$B$13*J73,0) -> 0 | P73: =IF(AND(Assumptions!$B$17,ISNUMBER(J73)),Assumptions!$B$12*Assumptions!$B$13*J73,0) -> 0 | Q73: =IF(Assumptions!$B$18,Assumptions!$B$14*K73,0) -> 19.1 | R73: =IF(Assumptions!$B$18,Assumptions!$B$15*L73,0) -> 69.6 | S73: =IF(Assumptions!$B$18,Assumptions!$B$16*M73,0) -> 273.35 | T73: =K73+N73+Q73 -> 210.1 | U73: =L73+O73+R73 -> 417.6 | V73: =M73+P73+S73 -> 1054.35 | W73: 70 | X73: 180 | Y73: 550 | Z73: =U73-X73 -> 237.6 | AA73: =IFERROR((U73-X73)/X73,"") -> 1.32 | AB73: =IF(ISNUMBER(AA73),IF(ABS(AA73)>Assumptions!$B$19,"REVIEW",""),"") -> REVIEW
A74: Dongguan | C74: 20 | D74: 55 | E74: 130 | F74: 6 | G74: 4 | H74: 3.5 | I74: 0.4 | J74: 1.5 | K74: =C74+3*Assumptions!$B$4*F74+Assumptions!$B$7*G74+H74+I74 -> 45.9 | L74: =D74+3*Assumptions!$B$5*F74+Assumptions!$B$8*G74+H74+I74 -> 99.3 | M74: =E74+3*Assumptions!$B$6*F74+Assumptions!$B$9*G74+H74+I74 -> 212.9 | N74: =IF(AND(Assumptions!$B$17,ISNUMBER(J74)),Assumptions!$B$10*Assumptions!$B$13*J74,0) -> 2.25 | O74: =IF(AND(Assumptions!$B$17,ISNUMBER(J74)),Assumptions!$B$11*Assumptions!$B$13*J74,0) -> 4.5 | P74: =IF(AND(Assumptions!$B$17,ISNUMBER(J74)),Assumptions!$B$12*Assumptions!$B$13*J74,0) -> 6.75 | Q74: =IF(Assumptions!$B$18,Assumptions!$B$14*K74,0) -> 4.59 | R74: =IF(Assumptions!$B$18,Assumptions!$B$15*L74,0) -> 19.86 | S74: =IF(Assumptions!$B$18,Assumptions!$B$16*M74,0) -> 74.515 | T74: =K74+N74+Q74 -> 52.74 | U74: =L74+O74+R74 -> 123.66 | V74: =M74+P74+S74 -> 294.165 | W74: 30 | X74: 75 | Y74: 200 | Z74: =U74-X74 -> 48.66 | AA74: =IFERROR((U74-X74)/X74,"") -> 0.6488 | AB74: =IF(ISNUMBER(AA74),IF(ABS(AA74)>Assumptions!$B$19,"REVIEW",""),"") -> REVIEW
A75: Douala | C75: 30 | D75: 75 | E75: 250 | F75: 10 | G75: 5 | H75: 2.5 | I75: 0.6 | J75: 2 | K75: =C75+3*Assumptions!$B$4*F75+Assumptions!$B$7*G75+H75+I75 -> 68.1 | L75: =D75+3*Assumptions!$B$5*F75+Assumptions!$B$8*G75+H75+I75 -> 142.1 | M75: =E75+3*Assumptions!$B$6*F75+Assumptions!$B$9*G75+H75+I75 -> 378.1 | N75: =IF(AND(Assumptions!$B$17,ISNUMBER(J75)),Assumptions!$B$10*Assumptions!$B$13*J75,0) -> 3 | O75: =IF(AND(Assumptions!$B$17,ISNUMBER(J75)),Assumptions!$B$11*Assumptions!$B$13*J75,0) -> 6 | P75: =IF(AND(Assumptions!$B$17,ISNUMBER(J75)),Assumptions!$B$12*Assumptions!$B$13*J75,0) -> 9 | Q75: =IF(Assumptions!$B$18,Assumptions!$B$14*K75,0) -> 6.81 | R75: =IF(Assumptions!$B$18,Assumptions!$B$15*L75,0) -> 28.42 | S75: =IF(Assumptions!$B$18,Assumptions!$B$16*M75,0) -> 132.335 | T75: =K75+N75+Q75 -> 77.91 | U75: =L75+O75+R75 -> 176.52 | V75: =M75+P75+S75 -> 519.435 | W75: 40 | X75: 105 | Y75: 320 | Z75: =U75-X75 -> 71.52 | AA75: =IFERROR((U75-X75)/X75,"") -> 0.68114286 | AB75: =IF(ISNUMBER(AA75),IF(ABS(AA75)>Assumptions!$B$19,"REVIEW",""),"") -> REVIEW
A76: Dubai | B76: restricted | C76: 50 | D76: 120 | E76: 350 | F76: 25 | G76: 8 | H76: 4.5 | I76: 0.5 | K76: =C76+3*Assumptions!$B$4*F76+Assumptions!$B$7*G76+H76+I76 -> 138 | L76: =D76+3*Assumptions!$B$5*F76+Assumptions!$B$8*G76+H76+I76 -> 276 | M76: =E76+3*Assumptions!$B$6*F76+Assumptions!$B$9*G76+H76+I76 -> 649.5 | N76: =IF(AND(Assumptions!$B$17,ISNUMBER(J76)),Assumptions!$B$10*Assumptions!$B$13*J76,0) -> 0 | O76: =IF(AND(Assumptions!$B$17,ISNUMBER(J76)),Assumptions!$B$11*Assumptions!$B$13*J76,0) -> 0 | P76: =IF(AND(Assumptions!$B$17,ISNUMBER(J76)),Assumptions!$B$12*Assumptions!$B$13*J76,0) -> 0 | Q76: =IF(Assumptions!$B$18,Assumptions!$B$14*K76,0) -> 13.8 | R76: =IF(Assumptions!$B$18,Assumptions!$B$15*L76,0) -> 55.2 | S76: =IF(Assumptions!$B$18,Assumptions!$B$16*M76,0) -> 227.325 | T76: =K76+N76+Q76 -> 151.8 | U76: =L76+O76+R76 -> 331.2 | V76: =M76+P76+S76 -> 876.825 | W76: 75 | X76: 200 | Y76: 650 | Z76: =U76-X76 -> 131.2 | AA76: =IFERROR((U76-X76)/X76,"") -> 0.656 | AB76: =IF(ISNUMBER(AA76),IF(ABS(AA76)>Assumptions!$B$19,"REVIEW",""),"") -> REVIEW
A77: Dublin | C77: 90 | D77: 160 | E77: 350 | F77: 25 | G77: 30 | H77: 3.5 | I77: 2 | J77: 6.5 | K77: =C77+3*Assumptions!$B$4*F77+Assumptions!$B$7*G77+H77+I77 -> 200.5 | L77: =D77+3*Assumptions!$B$5*F77+Assumptions!$B$8*G77+H77+I77 -> 360.5 | M77: =E77+3*Assumptions!$B$6*F77+Assumptions!$B$9*G77+H77+I77 -> 738 | N77: =IF(AND(Assumptions!$B$17,ISNUMBER(J77)),Assumptions!$B$10*Assumptions!$B$13*J77,0) -> 9.75 | O77: =IF(AND(Assumptions!$B$17,ISNUMBER(J77)),Assumptions!$B$11*Assumptions!$B$13*J77,0) -> 19.5 | P77: =IF(AND(Assumptions!$B$17,ISNUMBER(J77)),Assumptions!$B$12*Assumptions!$B$13*J77,0) -> 29.25 | Q77: =IF(Assumptions!$B$18,Assumptions!$B$14*K77,0) -> 20.05 | R77: =IF(Assumptions!$B$18,Assumptions!$B$15*L77,0) -> 72.1 | S77: =IF(Assumptions!$B$18,Assumptions!$B$16*M77,0) -> 258.3 | T77: =K77+N77+Q77 -> 230.3 | U77: =L77+O77+R77 -> 452.1 | V77: =M77+P77+S77 -> 1025.55 | W77: 85 | X77: 210 | Y77: 580 | Z77: =U77-X77 -> 242.1 | AA77: =IFERROR((U77-X77)/X77,"") -> 1.1528571 | AB77: =IF(ISNUMBER(AA77),IF(ABS(AA77)>Assumptions!$B$19,"REVIEW",""),"") -> REVIEW
A78: Dubrovnik | C78: 50 | D78: 160 | E78: 420 | F78: 25 | G78: 15 | H78: 3 | I78: 2 | J78: 4.5 | K78: =C78+3*Assumptions!$B$4*F78+Assumptions!$B$7*G78+H78+I78 -> 145 | L78: =D78+3*Assumptions!$B$5*F78+Assumptions!$B$8*G78+H78+I78 -> 330 | M78: =E78+3*Assumptions!$B$6*F78+Assumptions!$B$9*G78+H78+I78 -> 747.5 | N78: =IF(AND(Assumptions!$B$17,ISNUMBER(J78)),Assumptions!$B$10*Assumptions!$B$13*J78,0) -> 6.75 | O78: =IF(AND(Assumptions!$B$17,ISNUMBER(J78)),Assumptions!$B$11*Assumptions!$B$13*J78,0) -> 13.5 | P78: =IF(AND(Assumptions!$B$17,ISNUMBER(J78)),Assumptions!$B$12*Assumptions!$B$13*J78,0) -> 20.25 | Q78: =IF(Assumptions!$B$18,Assumptions!$B$14*K78,0) -> 14.5 | R78: =IF(Assumptions!$B$18,Assumptions!$B$15*L78,0) -> 66 | S78: =IF(Assumptions!$B$18,Assumptions!$B$16*M78,0) -> 261.625 | T78: =K78+N78+Q78 -> 166.25 | U78: =L78+O78+R78 -> 409.5 | V78: =M78+P78+S78 -> 1029.375 | W78: 70 | X78: 180 | Y78: 545 | Z78: =U78-X78 -> 229.5 | AA78: =IFERROR((U78-X78)/X78,"") -> 1.275 | AB78: =IF(ISNUMBER(AA78),IF(ABS(AA78)>Assumptions!$B$19,"REVIEW",""),"") -> REVIEW
A79: Dushanbe | C79: 15 | D79: 55 | E79: 180 | F79: 10 | G79: 3 | H79: 2 | I79: 0.5 | J79: 1.5 | K79: =C79+3*Assumptions!$B$4*F79+Assumptions!$B$7*G79+H79+I79 -> 50.5 | L79: =D79+3*Assumptions!$B$5*F79+Assumptions!$B$8*G79+H79+I79 -> 117.5 | M79: =E79+3*Assumptions!$B$6*F79+Assumptions!$B$9*G79+H79+I79 -> 299.5 | N79: =IF(AND(Assumptions!$B$17,ISNUMBER(J79)),Assumptions!$B$10*Assumptions!$B$13*J79,0) -> 2.25 | O79: =IF(AND(Assumptions!$B$17,ISNUMBER(J79)),Assumptions!$B$11*Assumptions!$B$13*J79,0) -> 4.5 | P79: =IF(AND(Assumptions!$B$17,ISNUMBER(J79)),Assumptions!$B$12*Assumptions!$B$13*J79,0) -> 6.75 | Q79: =IF(Assumptions!$B$18,Assumptions!$B$14*K79,0) -> 5.05 | R79: =IF(Assumptions!$B$18,Assumptions!$B$15*L79,0) -> 23.5 | S79: =IF(Assumptions!$B$18,Assumptions!$B$16*M79,0) -> 104.825 | T79: =K79+N79+Q79 -> 57.8 | U79: =L79+O79+R79 -> 145.5 | V79: =M79+P79+S79 -> 411.075 | W79: 35 | X79: 85 | Y79: 265 | Z79: =U79-X79 -> 60.5 | AA79: =IFERROR((U79-X79)/X79,"") -> 0.71176471 | AB79: =IF(ISNUMBER(AA79),IF(ABS(AA79)>Assumptions!$B$19,"REVIEW",""),"") -> REVIEW
A80: Edinburgh | C80: 80 | D80: 160 | E80: 400 | F80: 25 | G80: 20 | H80: 3.5 | I80: 2 | J80: 6 | K80: =C80+3*Assumptions!$B$4*F80+Assumptions!$B$7*G80+H80+I80 -> 180.5 | L80: =D80+3*Assumptions!$B$5*F80+Assumptions!$B$8*G80+H80+I80 -> 340.5 | M80: =E80+3*Assumptions!$B$6*F80+Assumptions!$B$9*G80+H80+I80 -> 748 | N80: =IF(AND(Assumptions!$B$17,ISNUMBER(J80)),Assumptions!$B$10*Assumptions!$B$13*J80,0) -> 9 | O80: =IF(AND(Assumptions!$B$17,ISNUMBER(J80)),Assumptions!$B$11*Assumptions!$B$13*J80,0) -> 18 | P80: =IF(AND(Assumptions!$B$17,ISNUMBER(J80)),Assumptions!$B$12*Assumptions!$B$13*J80,0) -> 27 | Q80: =IF(Assumptions!$B$18,Assumptions!$B$14*K80,0) -> 18.05 | R80: =IF(Assumptions!$B$18,Assumptions!$B$15*L80,0) -> 68.1 | S80: =IF(Assumptions!$B$18,Assumptions!$B$16*M80,0) -> 261.8 | T80: =K80+N80+Q80 -> 207.55 | U80: =L80+O80+R80 -> 426.6 | V80: =M80+P80+S80 -> 1036.8 | W80: 90 | X80: 220 | Y80: 620 | Z80: =U80-X80 -> 206.6 | AA80: =IFERROR((U80-X80)/X80,"") -> 0.93909091 | AB80: =IF(ISNUMBER(AA80),IF(ABS(AA80)>Assumptions!$B$19,"REVIEW",""),"") -> REVIEW
A81: Florence | C81: 70 | D81: 130 | E81: 320 | F81: 25 | G81: 25 | H81: 1.3 | I81: 1 | J81: 5 | K81: =C81+3*Assumptions!$B$4*F81+Assumptions!$B$7*G81+H81+I81 -> 172.3 | L81: =D81+3*Assumptions!$B$5*F81+Assumptions!$B$8*G81+H81+I81 -> 317.3 | M81: =E81+3*Assumptions!$B$6*F81+Assumptions!$B$9*G81+H81+I81 -> 684.8 | N81: =IF(AND(Assumptions!$B$17,ISNUMBER(J81)),Assumptions!$B$10*Assumptions!$B$13*J81,0) -> 7.5 | O81: =IF(AND(Assumptions!$B$17,ISNUMBER(J81)),Assumptions!$B$11*Assumptions!$B$13*J81,0) -> 15 | P81: =IF(AND(Assumptions!$B$17,ISNUMBER(J81)),Assumptions!$B$12*Assumptions!$B$13*J81,0) -> 22.5 | Q81: =IF(Assumptions!$B$18,Assumptions!$B$14*K81,0) -> 17.23 | R81: =IF(Assumptions!$B$18,Assumptions!$B$15*L81,0) -> 63.46 | S81: =IF(Assumptions!$B$18,Assumptions!$B$16*M81,0) -> 239.68 | T81: =K81+N81+Q81 -> 197.03 | U81: =L81+O81+R81 -> 395.76 | V81: =M81+P81+S81 -> 946.98 | W81: 75 | X81: 180 | Y81: 500 | Z81: =U81-X81 -> 215.76 | AA81: =IFERROR((U81-X81)/X81,"") -> 1.1986667 | AB81: =IF(ISNUMBER(AA81),IF(ABS(AA81)>Assumptions!$B$19,"REVIEW",""),"") -> REVIEW
A82: Foshan | C82: 22 | D82: 55 | E82: 130 | F82: 6 | G82: 3 | H82: 3.5 | I82: 0.4 | J82: 1.5 | K82: =C82+3*Assumptions!$B$4*F82+Assumptions!$B$7*G82+H82+I82 -> 46.9 | L82: =D82+3*Assumptions!$B$5*F82+Assumptions!$B$8*G82+H82+I82 -> 97.3 | M82: =E82+3*Assumptions!$B$6*F82+Assumptions!$B$9*G82+H82+I82 -> 208.9 | N82: =IF(AND(Assumptions!$B$17,ISNUMBER(J82)),Assumptions!$B$10*Assumptions!$B$13*J82,0) -> 2.25 | O82: =IF(AND(Assumptions!$B$17,ISNUMBER(J82)),Assumptions!$B$11*Assumptions!$B$13*J82,0) -> 4.5 | P82: =IF(AND(Assumptions!$B$17,ISNUMBER(J82)),Assumptions!$B$12*Assumptions!$B$13*J82,0) -> 6.75 | Q82: =IF(Assumptions!$B$18,Assumptions!$B$14*K82,0) -> 4.69 | R82: =IF(Assumptions!$B$18,Assumptions!$B$15*L82,0) -> 19.46 | S82: =IF(Assumptions!$B$18,Assumptions!$B$16*M82,0) -> 73.115 | T82: =K82+N82+Q82 -> 53.84 | U82: =L82+O82+R82 -> 121.26 | V82: =M82+P82+S82 -> 288.765 | W82: 30 | X82: 75 | Y82: 220 | Z82: =U82-X82 -> 46.26 | AA82: =IFERROR((U82-X82)/X82,"") -> 0.6168 | AB82: =IF(ISNUMBER(AA82),IF(ABS(AA82)>Assumptions!$B$19,"REVIEW",""),"") -> REVIEW
A83: Frankfurt am Main | C83: 80 | D83: 140 | E83: 350 | F83: 22 | G83: 30 | H83: 3.5 | I83: 3 | J83: 4.5 | K83: =C83+3*Assumptions!$B$4*F83+Assumptions!$B$7*G83+H83+I83 -> 182.5 | L83: =D83+3*Assumptions!$B$5*F83+Assumptions!$B$8*G83+H83+I83 -> 325.3 | M83: =E83+3*Assumptions!$B$6*F83+Assumptions!$B$9*G83+H83+I83 -> 707.5 | N83: =IF(AND(Assumptions!$B$17,ISNUMBER(J83)),Assumptions!$B$10*Assumptions!$B$13*J83,0) -> 6.75 | O83: =IF(AND(Assumptions!$B$17,ISNUMBER(J83)),Assumptions!$B$11*Assumptions!$B$13*J83,0) -> 13.5 | P83: =IF(AND(Assumptions!$B$17,ISNUMBER(J83)),Assumptions!$B$12*Assumptions!$B$13*J83,0) -> 20.25 | Q83: =IF(Assumptions!$B$18,Assumptions!$B$14*K83,0) -> 18.25 | R83: =IF(Assumptions!$B$18,Assumptions!$B$15*L83,0) -> 65.06 | S83: =IF(Assumptions!$B$18,Assumptions!$B$16*M83,0) -> 247.625 | T83: =K83+N83+Q83 -> 207.5 | U83: =L83+O83+R83 -> 403.86 | V83: =M83+P83+S83 -> 975.375 | W83: 80 | X83: 195 | Y83: 540 | Z83: =U83-X83 -> 208.86 | AA83: =IFERROR((U83-X83)/X83,"") -> 1.0710769 | AB83: =IF(ISNUMBER(AA83),IF(ABS(AA83)>Assumptions!$B$19,"REVIEW",""),"") -> REVIEW
A84: Freetown | C84: 25 | D84: 90 | E84: 180 | F84: 12 | G84: 4 | H84: 3 | I84: 1 | J84: 3 | K84: =C84+3*Assumptions!$B$4*F84+Assumptions!$B$7*G84+H84+I84 -> 69 | L84: =D84+3*Assumptions!$B$5*F84+Assumptions!$B$8*G84+H84+I84 -> 166.8 | M84: =E84+3*Assumptions!$B$6*F84+Assumptions!$B$9*G84+H84+I84 -> 326 | N84: =IF(AND(Assumptions!$B$17,ISNUMBER(J84)),Assumptions!$B$10*Assumptions!$B$13*J84,0) -> 4.5 | O84: =IF(AND(Assumptions!$B$17,ISNUMBER(J84)),Assumptions!$B$11*Assumptions!$B$13*J84,0) -> 9 | P84: =IF(AND(Assumptions!$B$17,ISNUMBER(J84)),Assumptions!$B$12*Assumptions!$B$13*J84,0) -> 13.5 | Q84: =IF(Assumptions!$B$18,Assumptions!$B$14*K84,0) -> 6.9 | R84: =IF(Assumptions!$B$18,Assumptions!$B$15*L84,0) -> 33.36 | S84: =IF(Assumptions!$B$18,Assumptions!$B$16*M84,0) -> 114.1 | T84: =K84+N84+Q84 -> 80.4 | U84: =L84+O84+R84 -> 209.16 | V84: =M84+P84+S84 -> 453.6 | W84: 40 | X84: 100 | Y84: 295 | Z84: =U84-X84 -> 109.16 | AA84: =IFERROR((U84-X84)/X84,"") -> 1.0916 | AB84: =IF(ISNUMBER(AA84),IF(ABS(AA84)>Assumptions!$B$19,"REVIEW",""),"") -> REVIEW
A85: Fukuoka | C85: 45 | D85: 90 | E85: 250 | F85: 15 | G85: 20 | H85: 4 | I85: 1.5 | J85: 5 | K85: =C85+3*Assumptions!$B$4*F85+Assumptions!$B$7*G85+H85+I85 -> 115.5 | L85: =D85+3*Assumptions!$B$5*F85+Assumptions!$B$8*G85+H85+I85 -> 216.5 | M85: =E85+3*Assumptions!$B$6*F85+Assumptions!$B$9*G85+H85+I85 -> 493 | N85: =IF(AND(Assumptions!$B$17,ISNUMBER(J85)),Assumptions!$B$10*Assumptions!$B$13*J85,0) -> 7.5 | O85: =IF(AND(Assumptions!$B$17,ISNUMBER(J85)),Assumptions!$B$11*Assumptions!$B$13*J85,0) -> 15 | P85: =IF(AND(Assumptions!$B$17,ISNUMBER(J85)),Assumptions!$B$12*Assumptions!$B$13*J85,0) -> 22.5 | Q85: =IF(Assumptions!$B$18,Assumptions!$B$14*K85,0) -> 11.55 | R85: =IF(Assumptions!$B$18,Assumptions!$B$15*L85,0) -> 43.3 | S85: =IF(Assumptions!$B$18,Assumptions!$B$16*M85,0) -> 172.55 | T85: =K85+N85+Q85 -> 134.55 | U85: =L85+O85+R85 -> 274.8 | V85: =M85+P85+S85 -> 688.05 | W85: 60 | X85: 140 | Y85: 380 | Z85: =U85-X85 -> 134.8 | AA85: =IFERROR((U85-X85)/X85,"") -> 0.96285714 | AB85: =IF(ISNUMBER(AA85),IF(ABS(AA85)>Assumptions!$B$19,"REVIEW",""),"") -> REVIEW
A86: Funafuti | C86: 45 | D86: 80 | E86: 180 | F86: 15 | G86: 5 | H86: 3.5 | I86: 1.5 | J86: 5 | K86: =C86+3*Assumptions!$B$4*F86+Assumptions!$B$7*G86+H86+I86 -> 100 | L86: =D86+3*Assumptions!$B$5*F86+Assumptions!$B$8*G86+H86+I86 -> 176 | M86: =E86+3*Assumptions!$B$6*F86+Assumptions!$B$9*G86+H86+I86 -> 362.5 | N86: =IF(AND(Assumptions!$B$17,ISNUMBER(J86)),Assumptions!$B$10*Assumptions!$B$13*J86,0) -> 7.5 | O86: =IF(AND(Assumptions!$B$17,ISNUMBER(J86)),Assumptions!$B$11*Assumptions!$B$13*J86,0) -> 15 | P86: =IF(AND(Assumptions!$B$17,ISNUMBER(J86)),Assumptions!$B$12*Assumptions!$B$13*J86,0) -> 22.5 | Q86: =IF(Assumptions!$B$18,Assumptions!$B$14*K86,0) -> 10 | R86: =IF(Assumptions!$B$18,Assumptions!$B$15*L86,0) -> 35.2 | S86: =IF(Assumptions!$B$18,Assumptions!$B$16*M86,0) -> 126.875 | T86: =K86+N86+Q86 -> 117.5 | U86: =L86+O86+R86 -> 226.2 | V86: =M86+P86+S86 -> 511.875 | W86: 50 | X86: 120 | Y86: 350 | Z86: =U86-X86 -> 106.2 | AA86: =IFERROR((U86-X86)/X86,"") -> 0.885 | AB86: =IF(ISNUMBER(AA86),IF(ABS(AA86)>Assumptions!$B$19,"REVIEW",""),"") -> REVIEW
A87: Gaborone | C87: 25 | D87: 95 | E87: 180 | F87: 15 | G87: 8 | H87: 2.5 | I87: 1 | J87: 2.5 | K87: =C87+3*Assumptions!$B$4*F87+Assumptions!$B$7*G87+H87+I87 -> 81.5 | L87: =D87+3*Assumptions!$B$5*F87+Assumptions!$B$8*G87+H87+I87 -> 195.5 | M87: =E87+3*Assumptions!$B$6*F87+Assumptions!$B$9*G87+H87+I87 -> 373 | N87: =IF(AND(Assumptions!$B$17,ISNUMBER(J87)),Assumptions!$B$10*Assumptions!$B$13*J87,0) -> 3.75 | O87: =IF(AND(Assumptions!$B$17,ISNUMBER(J87)),Assumptions!$B$11*Assumptions!$B$13*J87,0) -> 7.5 | P87: =IF(AND(Assumptions!$B$17,ISNUMBER(J87)),Assumptions!$B$12*Assumptions!$B$13*J87,0) -> 11.25 | Q87: =IF(Assumptions!$B$18,Assumptions!$B$14*K87,0) -> 8.15 | R87: =IF(Assumptions!$B$18,Assumptions!$B$15*L87,0) -> 39.1 | S87: =IF(Assumptions!$B$18,Assumptions!$B$16*M87,0) -> 130.55 | T87: =K87+N87+Q87 -> 93.4 | U87: =L87+O87+R87 -> 242.1 | V87: =M87+P87+S87 -> 514.8 | W87: 45 | X87: 110 | Y87: 320 | Z87: =U87-X87 -> 132.1 | AA87: =IFERROR((U87-X87)/X87,"") -> 1.2009091 | AB87: =IF(ISNUMBER(AA87),IF(ABS(AA87)>Assumptions!$B$19,"REVIEW",""),"") -> REVIEW
A88: Georgetown | C88: 45 | D88: 90 | E88: 220 | F88: 15 | G88: 6 | H88: 2.5 | I88: 1 | J88: 2.5 | K88: =C88+3*Assumptions!$B$4*F88+Assumptions!$B$7*G88+H88+I88 -> 99.5 | L88: =D88+3*Assumptions!$B$5*F88+Assumptions!$B$8*G88+H88+I88 -> 186.5 | M88: =E88+3*Assumptions!$B$6*F88+Assumptions!$B$9*G88+H88+I88 -> 405 | N88: =IF(AND(Assumptions!$B$17,ISNUMBER(J88)),Assumptions!$B$10*Assumptions!$B$13*J88,0) -> 3.75 | O88: =IF(AND(Assumptions!$B$17,ISNUMBER(J88)),Assumptions!$B$11*Assumptions!$B$13*J88,0) -> 7.5 | P88: =IF(AND(Assumptions!$B$17,ISNUMBER(J88)),Assumptions!$B$12*Assumptions!$B$13*J88,0) -> 11.25 | Q88: =IF(Assumptions!$B$18,Assumptions!$B$14*K88,0) -> 9.95 | R88: =IF(Assumptions!$B$18,Assumptions!$B$15*L88,0) -> 37.3 | S88: =IF(Assumptions!$B$18,Assumptions!$B$16*M88,0) -> 141.75 | T88: =K88+N88+Q88 -> 113.2 | U88: =L88+O88+R88 -> 231.3 | V88: =M88+P88+S88 -> 558 | W88: 50 | X88: 125 | Y88: 365 | Z88: =U88-X88 -> 106.3 | AA88: =IFERROR((U88-X88)/X88,"") -> 0.8504 | AB88: =IF(ISNUMBER(AA88),IF(ABS(AA88)>Assumptions!$B$19,"REVIEW",""),"") -> REVIEW
... A105: Jakarta | C105: 20 | D105: 50 | E105: 150 | F105: 5 | G105: 5 | H105: 2.5 | I105: 0.5 | J105: 3.5 | K105: =C105+3*Assumptions!$B$4*F105+Assumptions!$B$7*G105+H105+I105 -> 43 | L105: =D105+3*Assumptions!$B$5*F105+Assumptions!$B$8*G105+H105+I105 -> 90 | M105: =E105+3*Assumptions!$B$6*F105+Assumptions!$B$9*G105+H105+I105 -> 225.5 | N105: =IF(AND(Assumptions!$B$17,ISNUMBER(J105)),Assumptions!$B$10*Assumptions!$B$13*J105,0) -> 5.25 | O105: =IF(AND(Assumptions!$B$17,ISNUMBER(J105)),Assumptions!$B$11*Assumptions!$B$13*J105,0) -> 10.5 | P105: =IF(AND(Assumptions!$B$17,ISNUMBER(J105)),Assumptions!$B$12*Assumptions!$B$13*J105,0) -> 15.75 | Q105: =IF(Assumptions!$B$18,Assumptions!$B$14*K105,0) -> 4.3 | R105: =IF(Assumptions!$B$18,Assumptions!$B$15*L105,0) -> 18 | S105: =IF(Assumptions!$B$18,Assumptions!$B$16*M105,0) -> 78.925 | T105: =K105+N105+Q105 -> 52.55 | U105: =L105+O105+R105 -> 118.5 | V105: =M105+P105+S105 -> 320.175 | W105: 30 | X105: 75 | Y105: 220 | Z105: =U105-X105 -> 43.5 | AA105: =IFERROR((U105-X105)/X105,"") -> 0.58 | AB105: =IF(ISNUMBER(AA105),IF(ABS(AA105)>Assumptions!$B$19,"REVIEW",""),"") -> REVIEW
A106: Jeddah | B106: notallowed | C106: 45 | D106: 100 | E106: 230 | F106: 18 | G106: 11 | H106: 2.5 | I106: 0.3 | K106: =C106+3*Assumptions!$B$4*F106+Assumptions!$B$7*G106+H106+I106 -> 112.8 | L106: =D106+3*Assumptions!$B$5*F106+Assumptions!$B$8*G106+H106+I106 -> 222 | M106: =E106+3*Assumptions!$B$6*F106+Assumptions!$B$9*G106+H106+I106 -> 465.8 | N106: =IF(AND(Assumptions!$B$17,ISNUMBER(J106)),Assumptions!$B$10*Assumptions!$B$13*J106,0) -> 0 | O106: =IF(AND(Assumptions!$B$17,ISNUMBER(J106)),Assumptions!$B$11*Assumptions!$B$13*J106,0) -> 0 | P106: =IF(AND(Assumptions!$B$17,ISNUMBER(J106)),Assumptions!$B$12*Assumptions!$B$13*J106,0) -> 0 | Q106: =IF(Assumptions!$B$18,Assumptions!$B$14*K106,0) -> 11.28 | R106: =IF(Assumptions!$B$18,Assumptions!$B$15*L106,0) -> 44.4 | S106: =IF(Assumptions!$B$18,Assumptions!$B$16*M106,0) -> 163.03 | T106: =K106+N106+Q106 -> 124.08 | U106: =L106+O106+R106 -> 266.4 | V106: =M106+P106+S106 -> 628.83 | W106: 65 | X106: 165 | Y106: 520 | Z106: =U106-X106 -> 101.4 | AA106: =IFERROR((U106-X106)/X106,"") -> 0.61454545 | AB106: =IF(ISNUMBER(AA106),IF(ABS(AA106)>Assumptions!$B$19,"REVIEW",""),"") -> REVIEW
A107: Jerusalem | C107: 60 | D107: 130 | E107: 280 | F107: 25 | G107: 15 | H107: 3.5 | I107: 1.5 | J107: 6 | K107: =C107+3*Assumptions!$B$4*F107+Assumptions!$B$7*G107+H107+I107 -> 155 | L107: =D107+3*Assumptions!$B$5*F107+Assumptions!$B$8*G107+H107+I107 -> 300 | M107: =E107+3*Assumptions!$B$6*F107+Assumptions!$B$9*G107+H107+I107 -> 607.5 | N107: =IF(AND(Assumptions!$B$17,ISNUMBER(J107)),Assumptions!$B$10*Assumptions!$B$13*J107,0) -> 9 | O107: =IF(AND(Assumptions!$B$17,ISNUMBER(J107)),Assumptions!$B$11*Assumptions!$B$13*J107,0) -> 18 | P107: =IF(AND(Assumptions!$B$17,ISNUMBER(J107)),Assumptions!$B$12*Assumptions!$B$13*J107,0) -> 27 | Q107: =IF(Assumptions!$B$18,Assumptions!$B$14*K107,0) -> 15.5 | R107: =IF(Assumptions!$B$18,Assumptions!$B$15*L107,0) -> 60 | S107: =IF(Assumptions!$B$18,Assumptions!$B$16*M107,0) -> 212.625 | T107: =K107+N107+Q107 -> 179.5 | U107: =L107+O107+R107 -> 378 | V107: =M107+P107+S107 -> 847.125 | W107: 95 | X107: 230 | Y107: 650 | Z107: =U107-X107 -> 148 | AA107: =IFERROR((U107-X107)/X107,"") -> 0.64347826 | AB107: =IF(ISNUMBER(AA107),IF(ABS(AA107)>Assumptions!$B$19,"REVIEW",""),"") -> REVIEW
A108: Jinan | C108: 20 | D108: 55 | E108: 130 | F108: 6 | G108: 3 | H108: 4 | I108: 0.5 | J108: 1.5 | K108: =C108+3*Assumptions!$B$4*F108+Assumptions!$B$7*G108+H108+I108 -> 45.5 | L108: =D108+3*Assumptions!$B$5*F108+Assumptions!$B$8*G108+H108+I108 -> 97.9 | M108: =E108+3*Assumptions!$B$6*F108+Assumptions!$B$9*G108+H108+I108 -> 209.5 | N108: =IF(AND(Assumptions!$B$17,ISNUMBER(J108)),Assumptions!$B$10*Assumptions!$B$13*J108,0) -> 2.25 | O108: =IF(AND(Assumptions!$B$17,ISNUMBER(J108)),Assumptions!$B$11*Assumptions!$B$13*J108,0) -> 4.5 | P108: =IF(AND(Assumptions!$B$17,ISNUMBER(J108)),Assumptions!$B$12*Assumptions!$B$13*J108,0) -> 6.75 | Q108: =IF(Assumptions!$B$18,Assumptions!$B$14*K108,0) -> 4.55 | R108: =IF(Assumptions!$B$18,Assumptions!$B$15*L108,0) -> 19.58 | S108: =IF(Assumptions!$B$18,Assumptions!$B$16*M108,0) -> 73.325 | T108: =K108+N108+Q108 -> 52.3 | U108: =L108+O108+R108 -> 121.98 | V108: =M108+P108+S108 -> 289.575 | W108: 30 | X108: 70 | Y108: 200 | Z108: =U108-X108 -> 51.98 | AA108: =IFERROR((U108-X108)/X108,"") -> 0.74257143 | AB108: =IF(ISNUMBER(AA108),IF(ABS(AA108)>Assumptions!$B$19,"REVIEW",""),"") -> REVIEW
A109: Johor Bahru | C109: 25 | D109: 55 | E109: 180 | F109: 8 | G109: 8 | H109: 2.5 | I109: 0.5 | J109: 4.5 | K109: =C109+3*Assumptions!$B$4*F109+Assumptions!$B$7*G109+H109+I109 -> 60 | L109: =D109+3*Assumptions!$B$5*F109+Assumptions!$B$8*G109+H109+I109 -> 117.2 | M109: =E109+3*Assumptions!$B$6*F109+Assumptions!$B$9*G109+H109+I109 -> 299 | N109: =IF(AND(Assumptions!$B$17,ISNUMBER(J109)),Assumptions!$B$10*Assumptions!$B$13*J109,0) -> 6.75 | O109: =IF(AND(Assumptions!$B$17,ISNUMBER(J109)),Assumptions!$B$11*Assumptions!$B$13*J109,0) -> 13.5 | P109: =IF(AND(Assumptions!$B$17,ISNUMBER(J109)),Assumptions!$B$12*Assumptions!$B$13*J109,0) -> 20.25 | Q109: =IF(Assumptions!$B$18,Assumptions!$B$14*K109,0) -> 6 | R109: =IF(Assumptions!$B$18,Assumptions!$B$15*L109,0) -> 23.44 | S109: =IF(Assumptions!$B$18,Assumptions!$B$16*M109,0) -> 104.65 | T109: =K109+N109+Q109 -> 72.75 | U109: =L109+O109+R109 -> 154.14 | V109: =M109+P109+S109 -> 423.9 | W109: 30 | X109: 75 | Y109: 220 | Z109: =U109-X109 -> 79.14 | AA109: =IFERROR((U109-X109)/X109,"") -> 1.0552 | AB109: =IF(ISNUMBER(AA109),IF(ABS(AA109)>Assumptions!$B$19,"REVIEW",""),"") -> REVIEW
A110: Juba | C110: 30 | D110: 130 | E110: 220 | F110: 15 | G110: 8 | H110: 3 | I110: 1 | J110: 3 | K110: =C110+3*Assumptions!$B$4*F110+Assumptions!$B$7*G110+H110+I110 -> 87 | L110: =D110+3*Assumptions!$B$5*F110+Assumptions!$B$8*G110+H110+I110 -> 231 | M110: =E110+3*Assumptions!$B$6*F110+Assumptions!$B$9*G110+H110+I110 -> 413.5 | N110: =IF(AND(Assumptions!$B$17,ISNUMBER(J110)),Assumptions!$B$10*Assumptions!$B$13*J110,0) -> 4.5 | O110: =IF(AND(Assumptions!$B$17,ISNUMBER(J110)),Assumptions!$B$11*Assumptions!$B$13*J110,0) -> 9 | P110: =IF(AND(Assumptions!$B$17,ISNUMBER(J110)),Assumptions!$B$12*Assumptions!$B$13*J110,0) -> 13.5 | Q110: =IF(Assumptions!$B$18,Assumptions!$B$14*K110,0) -> 8.7 | R110: =IF(Assumptions!$B$18,Assumptions!$B$15*L110,0) -> 46.2 | S110: =IF(Assumptions!$B$18,Assumptions!$B$16*M110,0) -> 144.725 | T110: =K110+N110+Q110 -> 100.2 | U110: =L110+O110+R110 -> 286.2 | V110: =M110+P110+S110 -> 571.725 | W110: 45 | X110: 115 | Y110: 345 | Z110: =U110-X110 -> 171.2 | AA110: =IFERROR((U110-X110)/X110,"") -> 1.4886957 | AB110: =IF(ISNUMBER(AA110),IF(ABS(AA110)>Assumptions!$B$19,"REVIEW",""),"") -> REVIEW
A111: Kabul | B111: restricted | C111: 15 | D111: 70 | E111: 180 | F111: 10 | G111: 4 | H111: 2.5 | I111: 0.6 | K111: =C111+3*Assumptions!$B$4*F111+Assumptions!$B$7*G111+H111+I111 -> 52.1 | L111: =D111+3*Assumptions!$B$5*F111+Assumptions!$B$8*G111+H111+I111 -> 135.1 | M111: =E111+3*Assumptions!$B$6*F111+Assumptions!$B$9*G111+H111+I111 -> 304.1 | N111: =IF(AND(Assumptions!$B$17,ISNUMBER(J111)),Assumptions!$B$10*Assumptions!$B$13*J111,0) -> 0 | O111: =IF(AND(Assumptions!$B$17,ISNUMBER(J111)),Assumptions!$B$11*Assumptions!$B$13*J111,0) -> 0 | P111: =IF(AND(Assumptions!$B$17,ISNUMBER(J111)),Assumptions!$B$12*Assumptions!$B$13*J111,0) -> 0 | Q111: =IF(Assumptions!$B$18,Assumptions!$B$14*K111,0) -> 5.21 | R111: =IF(Assumptions!$B$18,Assumptions!$B$15*L111,0) -> 27.02 | S111: =IF(Assumptions!$B$18,Assumptions!$B$16*M111,0) -> 106.435 | T111: =K111+N111+Q111 -> 57.31 | U111: =L111+O111+R111 -> 162.12 | V111: =M111+P111+S111 -> 410.535 | W111: 35 | X111: 85 | Y111: 265 | Z111: =U111-X111 -> 77.12 | AA111: =IFERROR((U111-X111)/X111,"") -> 0.90729412 | AB111: =IF(ISNUMBER(AA111),IF(ABS(AA111)>Assumptions!$B$19,"REVIEW",""),"") -> REVIEW
A112: Kampala | C112: 15 | D112: 70 | E112: 250 | F112: 10 | G112: 5 | H112: 3 | I112: 1 | J112: 2 | K112: =C112+3*Assumptions!$B$4*F112+Assumptions!$B$7*G112+H112+I112 -> 54 | L112: =D112+3*Assumptions!$B$5*F112+Assumptions!$B$8*G112+H112+I112 -> 138 | M112: =E112+3*Assumptions!$B$6*F112+Assumptions!$B$9*G112+H112+I112 -> 379 | N112: =IF(AND(Assumptions!$B$17,ISNUMBER(J112)),Assumptions!$B$10*Assumptions!$B$13*J112,0) -> 3 | O112: =IF(AND(Assumptions!$B$17,ISNUMBER(J112)),Assumptions!$B$11*Assumptions!$B$13*J112,0) -> 6 | P112: =IF(AND(Assumptions!$B$17,ISNUMBER(J112)),Assumptions!$B$12*Assumptions!$B$13*J112,0) -> 9 | Q112: =IF(Assumptions!$B$18,Assumptions!$B$14*K112,0) -> 5.4 | R112: =IF(Assumptions!$B$18,Assumptions!$B$15*L112,0) -> 27.6 | S112: =IF(Assumptions!$B$18,Assumptions!$B$16*M112,0) -> 132.65 | T112: =K112+N112+Q112 -> 62.4 | U112: =L112+O112+R112 -> 171.6 | V112: =M112+P112+S112 -> 520.65 | W112: 35 | X112: 95 | Y112: 295 | Z112: =U112-X112 -> 76.6 | AA112: =IFERROR((U112-X112)/X112,"") -> 0.80631579 | AB112: =IF(ISNUMBER(AA112),IF(ABS(AA112)>Assumptions!$B$19,"REVIEW",""),"") -> REVIEW
A113: Kano | C113: 25 | D113: 70 | E113: 130 | F113: 5 | G113: 3 | H113: 1.5 | I113: 0.5 | J113: 1.5 | K113: =C113+3*Assumptions!$B$4*F113+Assumptions!$B$7*G113+H113+I113 -> 45 | L113: =D113+3*Assumptions!$B$5*F113+Assumptions!$B$8*G113+H113+I113 -> 105 | M113: =E113+3*Assumptions!$B$6*F113+Assumptions!$B$9*G113+H113+I113 -> 196.5 | N113: =IF(AND(Assumptions!$B$17,ISNUMBER(J113)),Assumptions!$B$10*Assumptions!$B$13*J113,0) -> 2.25 | O113: =IF(AND(Assumptions!$B$17,ISNUMBER(J113)),Assumptions!$B$11*Assumptions!$B$13*J113,0) -> 4.5 | P113: =IF(AND(Assumptions!$B$17,ISNUMBER(J113)),Assumptions!$B$12*Assumptions!$B$13*J113,0) -> 6.75 | Q113: =IF(Assumptions!$B$18,Assumptions!$B$14*K113,0) -> 4.5 | R113: =IF(Assumptions!$B$18,Assumptions!$B$15*L113,0) -> 21 | S113: =IF(Assumptions!$B$18,Assumptions!$B$16*M113,0) -> 68.775 | T113: =K113+N113+Q113 -> 51.75 | U113: =L113+O113+R113 -> 130.5 | V113: =M113+P113+S113 -> 272.025 | W113: 30 | X113: 70 | Y113: 200 | Z113: =U113-X113 -> 60.5 | AA113: =IFERROR((U113-X113)/X113,"") -> 0.86428571 | AB113: =IF(ISNUMBER(AA113),IF(ABS(AA113)>Assumptions!$B$19,"REVIEW",""),"") -> REVIEW
A114: Karachi | B114: restricted | C114: 20 | D114: 70 | E114: 150 | F114: 8 | G114: 4 | H114: 3 | I114: 0.3 | K114: =C114+3*Assumptions!$B$4*F114+Assumptions!$B$7*G114+H114+I114 -> 51.3 | L114: =D114+3*Assumptions!$B$5*F114+Assumptions!$B$8*G114+H114+I114 -> 124.5 | M114: =E114+3*Assumptions!$B$6*F114+Assumptions!$B$9*G114+H114+I114 -> 253.3 | N114: =IF(AND(Assumptions!$B$17,ISNUMBER(J114)),Assumptions!$B$10*Assumptions!$B$13*J114,0) -> 0 | O114: =IF(AND(Assumptions!$B$17,ISNUMBER(J114)),Assumptions!$B$11*Assumptions!$B$13*J114,0) -> 0 | P114: =IF(AND(Assumptions!$B$17,ISNUMBER(J114)),Assumptions!$B$12*Assumptions!$B$13*J114,0) -> 0 | Q114: =IF(Assumptions!$B$18,Assumptions!$B$14*K114,0) -> 5.13 | R114: =IF(Assumptions!$B$18,Assumptions!$B$15*L114,0) -> 24.9 | S114: =IF(Assumptions!$B$18,Assumptions!$B$16*M114,0) -> 88.655 | T114: =K114+N114+Q114 -> 56.43 | U114: =L114+O114+R114 -> 149.4 | V114: =M114+P114+S114 -> 341.955 | W114: 35 | X114: 80 | Y114: 245 | Z114: =U114-X114 -> 69.4 | AA114: =IFERROR((U114-X114)/X114,"") -> 0.8675 | AB114: =IF(ISNUMBER(AA114),IF(ABS(AA114)>Assumptions!$B$19,"REVIEW",""),"") -> REVIEW
A115: Kathmandu | C115: 12 | D115: 45 | E115: 220 | F115: 6 | G115: 4 | H115: 2.5 | I115: 0.4 | J115: 3.5 | K115: =C115+3*Assumptions!$B$4*F115+Assumptions!$B$7*G115+H115+I115 -> 36.9 | L115: =D115+3*Assumptions!$B$5*F115+Assumptions!$B$8*G115+H115+I115 -> 88.3 | M115: =E115+3*Assumptions!$B$6*F115+Assumptions!$B$9*G115+H115+I115 -> 301.9 | N115: =IF(AND(Assumptions!$B$17,ISNUMBER(J115)),Assumptions!$B$10*Assumptions!$B$13*J115,0) -> 5.25 | O115: =IF(AND(Assumptions!$B$17,ISNUMBER(J115)),Assumptions!$B$11*Assumptions!$B$13*J115,0) -> 10.5 | P115: =IF(AND(Assumptions!$B$17,ISNUMBER(J115)),Assumptions!$B$12*Assumptions!$B$13*J115,0) -> 15.75 | Q115: =IF(Assumptions!$B$18,Assumptions!$B$14*K115,0) -> 3.69 | R115: =IF(Assumptions!$B$18,Assumptions!$B$15*L115,0) -> 17.66 | S115: =IF(Assumptions!$B$18,Assumptions!$B$16*M115,0) -> 105.665 | T115: =K115+N115+Q115 -> 45.84 | U115: =L115+O115+R115 -> 116.46 | V115: =M115+P115+S115 -> 423.315 | W115: 30 | X115: 80 | Y115: 245 | Z115: =U115-X115 -> 36.46 | AA115: =IFERROR((U115-X115)/X115,"") -> 0.45575 | AB115: =IF(ISNUMBER(AA115),IF(ABS(AA115)>Assumptions!$B$19,"REVIEW",""),"") -> REVIEW
A116: Khartoum | B116: restricted | C116: 35 | D116: 90 | E116: 220 | F116: 12 | G116: 6 | H116: 2.5 | I116: 0.5 | K116: =C116+3*Assumptions!$B$4*F116+Assumptions!$B$7*G116+H116+I116 -> 80 | L116: =D116+3*Assumptions!$B$5*F116+Assumptions!$B$8*G116+H116+I116 -> 169.8 | M116: =E116+3*Assumptions!$B$6*F116+Assumptions!$B$9*G116+H116+I116 -> 373 | N116: =IF(AND(Assumptions!$B$17,ISNUMBER(J116)),Assumptions!$B$10*Assumptions!$B$13*J116,0) -> 0 | O116: =IF(AND(Assumptions!$B$17,ISNUMBER(J116)),Assumptions!$B$11*Assumptions!$B$13*J116,0) -> 0 | P116: =IF(AND(Assumptions!$B$17,ISNUMBER(J116)),Assumptions!$B$12*Assumptions!$B$13*J116,0) -> 0 | Q116: =IF(Assumptions!$B$18,Assumptions!$B$14*K116,0) -> 8 | R116: =IF(Assumptions!$B$18,Assumptions!$B$15*L116,0) -> 33.96 | S116: =IF(Assumptions!$B$18,Assumptions!$B$16*M116,0) -> 130.55 | T116: =K116+N116+Q116 -> 88 | U116: =L116+O116+R116 -> 203.76 | V116: =M116+P116+S116 -> 503.55 | W116: 45 | X116: 110 | Y116: 330 | Z116: =U116-X116 -> 93.76 | AA116: =IFERROR((U116-X116)/X116,"") -> 0.85236364 | AB116: =IF(ISNUMBER(AA116),IF(ABS(AA116)>Assumptions!$B$19,"REVIEW",""),"") -> REVIEW
A117: Kigali | C117: 25 | D117: 75 | E117: 250 | F117: 12 | G117: 6 | H117: 2.5 | I117: 0.7 | J117: 2 | K117: =C117+3*Assumptions!$B$4*F117+Assumptions!$B$7*G117+H117+I117 -> 70.2 | L117: =D117+3*Assumptions!$B$5*F117+Assumptions!$B$8*G117+H117+I117 -> 155 | M117: =E117+3*Assumptions!$B$6*F117+Assumptions!$B$9*G117+H117+I117 -> 403.2 | N117: =IF(AND(Assumptions!$B$17,ISNUMBER(J117)),Assumptions!$B$10*Assumptions!$B$13*J117,0) -> 3 | O117: =IF(AND(Assumptions!$B$17,ISNUMBER(J117)),Assumptions!$B$11*Assumptions!$B$13*J117,0) -> 6 | P117: =IF(AND(Assumptions!$B$17,ISNUMBER(J117)),Assumptions!$B$12*Assumptions!$B$13*J117,0) -> 9 | Q117: =IF(Assumptions!$B$18,Assumptions!$B$14*K117,0) -> 7.02 | R117: =IF(Assumptions!$B$18,Assumptions!$B$15*L117,0) -> 31 | S117: =IF(Assumptions!$B$18,Assumptions!$B$16*M117,0) -> 141.12 | T117: =K117+N117+Q117 -> 80.22 | U117: =L117+O117+R117 -> 192 | V117: =M117+P117+S117 -> 553.32 | W117: 40 | X117: 105 | Y117: 330 | Z117: =U117-X117 -> 87 | AA117: =IFERROR((U117-X117)/X117,"") -> 0.82857143 | AB117: =IF(ISNUMBER(AA117),IF(ABS(AA117)>Assumptions!$B$19,"REVIEW",""),"") -> REVIEW
A118: Kingstown | C118: 65 | D118: 120 | E118: 280 | F118: 18 | G118: 12 | H118: 3 | I118: 1.5 | J118: 3.5 | K118: =C118+3*Assumptions!$B$4*F118+Assumptions!$B$7*G118+H118+I118 -> 135.5 | L118: =D118+3*Assumptions!$B$5*F118+Assumptions!$B$8*G118+H118+I118 -> 245.7 | M118: =E118+3*Assumptions!$B$6*F118+Assumptions!$B$9*G118+H118+I118 -> 521.5 | N118: =IF(AND(Assumptions!$B$17,ISNUMBER(J118)),Assumptions!$B$10*Assumptions!$B$13*J118,0) -> 5.25 | O118: =IF(AND(Assumptions!$B$17,ISNUMBER(J118)),Assumptions!$B$11*Assumptions!$B$13*J118,0) -> 10.5 | P118: =IF(AND(Assumptions!$B$17,ISNUMBER(J118)),Assumptions!$B$12*Assumptions!$B$13*J118,0) -> 15.75 | Q118: =IF(Assumptions!$B$18,Assumptions!$B$14*K118,0) -> 13.55 | R118: =IF(Assumptions!$B$18,Assumptions!$B$15*L118,0) -> 49.14 | S118: =IF(Assumptions!$B$18,Assumptions!$B$16*M118,0) -> 182.525 | T118: =K118+N118+Q118 -> 154.3 | U118: =L118+O118+R118 -> 305.34 | V118: =M118+P118+S118 -> 719.775 | W118: 65 | X118: 160 | Y118: 450 | Z118: =U118-X118 -> 145.34 | AA118: =IFERROR((U118-X118)/X118,"") -> 0.908375 | AB118: =IF(ISNUMBER(AA118),IF(ABS(AA118)>Assumptions!$B$19,"REVIEW",""),"") -> REVIEW
A119: Kinshasa | C119: 45 | D119: 150 | E119: 300 | F119: 18 | G119: 8 | H119: 5.5 | I119: 1.5 | J119: 2.5 | K119: =C119+3*Assumptions!$B$4*F119+Assumptions!$B$7*G119+H119+I119 -> 114 | L119: =D119+3*Assumptions!$B$5*F119+Assumptions!$B$8*G119+H119+I119 -> 270.2 | M119: =E119+3*Assumptions!$B$6*F119+Assumptions!$B$9*G119+H119+I119 -> 528 | N119: =IF(AND(Assumptions!$B$17,ISNUMBER(J119)),Assumptions!$B$10*Assumptions!$B$13*J119,0) -> 3.75 | O119: =IF(AND(Assumptions!$B$17,ISNUMBER(J119)),Assumptions!$B$11*Assumptions!$B$13*J119,0) -> 7.5 | P119: =IF(AND(Assumptions!$B$17,ISNUMBER(J119)),Assumptions!$B$12*Assumptions!$B$13*J119,0) -> 11.25 | Q119: =IF(Assumptions!$B$18,Assumptions!$B$14*K119,0) -> 11.4 | R119: =IF(Assumptions!$B$18,Assumptions!$B$15*L119,0) -> 54.04 | S119: =IF(Assumptions!$B$18,Assumptions!$B$16*M119,0) -> 184.8 | T119: =K119+N119+Q119 -> 129.15 | U119: =L119+O119+R119 -> 331.74 | V119: =M119+P119+S119 -> 724.05 | W119: 55 | X119: 145 | Y119: 425 | Z119: =U119-X119 -> 186.74 | AA119: =IFERROR((U119-X119)/X119,"") -> 1.2878621 | AB119: =IF(ISNUMBER(AA119),IF(ABS(AA119)>Assumptions!$B$19,"REVIEW",""),"") -> REVIEW
A120: Kolkata | C120: 18 | D120: 45 | E120: 130 | F120: 5 | G120: 3 | H120: 1.5 | I120: 0.3 | J120: 2.5 | K120: =C120+3*Assumptions!$B$4*F120+Assumptions!$B$7*G120+H120+I120 -> 37.8 | L120: =D120+3*Assumptions!$B$5*F120+Assumptions!$B$8*G120+H120+I120 -> 79.8 | M120: =E120+3*Assumptions!$B$6*F120+Assumptions!$B$9*G120+H120+I120 -> 196.3 | N120: =IF(AND(Assumptions!$B$17,ISNUMBER(J120)),Assumptions!$B$10*Assumptions!$B$13*J120,0) -> 3.75 | O120: =IF(AND(Assumptions!$B$17,ISNUMBER(J120)),Assumptions!$B$11*Assumptions!$B$13*J120,0) -> 7.5 | P120: =IF(AND(Assumptions!$B$17,ISNUMBER(J120)),Assumptions!$B$12*Assumptions!$B$13*J120,0) -> 11.25 | Q120: =IF(Assumptions!$B$18,Assumptions!$B$14*K120,0) -> 3.78 | R120: =IF(Assumptions!$B$18,Assumptions!$B$15*L120,0) -> 15.96 | S120: =IF(Assumptions!$B$18,Assumptions!$B$16*M120,0) -> 68.705 | T120: =K120+N120+Q120 -> 45.33 | U120: =L120+O120+R120 -> 103.26 | V120: =M120+P120+S120 -> 276.255 | W120: 25 | X120: 60 | Y120: 200 | Z120: =U120-X120 -> 43.26 | AA120: =IFERROR((U120-X120)/X120,"") -> 0.721 | AB120: =IF(ISNUMBER(AA120),IF(ABS(AA120)>Assumptions!$B$19,"REVIEW",""),"") -> REVIEW
A121: Koror | C121: 60 | D121: 140 | E121: 300 | F121: 18 | G121: 8 | H121: 4 | I121: 1.5 | J121: 3.5 | K121: =C121+3*Assumptions!$B$4*F121+Assumptions!$B$7*G121+H121+I121 -> 127.5 | L121: =D121+3*Assumptions!$B$5*F121+Assumptions!$B$8*G121+H121+I121 -> 258.7 | M121: =E121+3*Assumptions!$B$6*F121+Assumptions!$B$9*G121+H121+I121 -> 526.5 | N121: =IF(AND(Assumptions!$B$17,ISNUMBER(J121)),Assumptions!$B$10*Assumptions!$B$13*J121,0) -> 5.25 | O121: =IF(AND(Assumptions!$B$17,ISNUMBER(J121)),Assumptions!$B$11*Assumptions!$B$13*J121,0) -> 10.5 | P121: =IF(AND(Assumptions!$B$17,ISNUMBER(J121)),Assumptions!$B$12*Assumptions!$B$13*J121,0) -> 15.75 | Q121: =IF(Assumptions!$B$18,Assumptions!$B$14*K121,0) -> 12.75 | R121: =IF(Assumptions!$B$18,Assumptions!$B$15*L121,0) -> 51.74 | S121: =IF(Assumptions!$B$18,Assumptions!$B$16*M121,0) -> 184.275 | T121: =K121+N121+Q121 -> 145.5 | U121: =L121+O121+R121 -> 320.94 | V121: =M121+P121+S121 -> 726.525 | W121: 60 | X121: 155 | Y121: 450 | Z121: =U121-X121 -> 165.94 | AA121: =IFERROR((U121-X121)/X121,"") -> 1.0705806 | AB121: =IF(ISNUMBER(AA121),IF(ABS(AA121)>Assumptions!$B$19,"REVIEW",""),"") -> REVIEW
A122: Kotor | C122: 40 | D122: 90 | E122: 300 | F122: 15 | G122: 6 | H122: 2 | I122: 1.3 | J122: 3.5 | K122: =C122+3*Assumptions!$B$4*F122+Assumptions!$B$7*G122+H122+I122 -> 94.3 | L122: =D122+3*Assumptions!$B$5*F122+Assumptions!$B$8*G122+H122+I122 -> 186.3 | M122: =E122+3*Assumptions!$B$6*F122+Assumptions!$B$9*G122+H122+I122 -> 484.8 | N122: =IF(AND(Assumptions!$B$17,ISNUMBER(J122)),Assumptions!$B$10*Assumptions!$B$13*J122,0) -> 5.25 | O122: =IF(AND(Assumptions!$B$17,ISNUMBER(J122)),Assumptions!$B$11*Assumptions!$B$13*J122,0) -> 10.5 | P122: =IF(AND(Assumptions!$B$17,ISNUMBER(J122)),Assumptions!$B$12*Assumptions!$B$13*J122,0) -> 15.75 | Q122: =IF(Assumptions!$B$18,Assumptions!$B$14*K122,0) -> 9.43 | R122: =IF(Assumptions!$B$18,Assumptions!$B$15*L122,0) -> 37.26 | S122: =IF(Assumptions!$B$18,Assumptions!$B$16*M122,0) -> 169.68 | T122: =K122+N122+Q122 -> 108.98 | U122: =L122+O122+R122 -> 234.06 | V122: =M122+P122+S122 -> 670.23 | W122: 50 | X122: 130 | Y122: 395 | Z122: =U122-X122 -> 104.06 | AA122: =IFERROR((U122-X122)/X122,"") -> 0.80046154 | AB122: =IF(ISNUMBER(AA122),IF(ABS(AA122)>Assumptions!$B$19,"REVIEW",""),"") -> REVIEW
A123: Kraków | C123: 40 | D123: 80 | E123: 220 | F123: 15 | G123: 12 | H123: 2.5 | I123: 1 | J123: 3 | K123: =C123+3*Assumptions!$B$4*F123+Assumptions!$B$7*G123+H123+I123 -> 100.5 | L123: =D123+3*Assumptions!$B$5*F123+Assumptions!$B$8*G123+H123+I123 -> 188.5 | M123: =E123+3*Assumptions!$B$6*F123+Assumptions!$B$9*G123+H123+I123 -> 429 | N123: =IF(AND(Assumptions!$B$17,ISNUMBER(J123)),Assumptions!$B$10*Assumptions!$B$13*J123,0) -> 4.5 | O123: =IF(AND(Assumptions!$B$17,ISNUMBER(J123)),Assumptions!$B$11*Assumptions!$B$13*J123,0) -> 9 | P123: =IF(AND(Assumptions!$B$17,ISNUMBER(J123)),Assumptions!$B$12*Assumptions!$B$13*J123,0) -> 13.5 | Q123: =IF(Assumptions!$B$18,Assumptions!$B$14*K123,0) -> 10.05 | R123: =IF(Assumptions!$B$18,Assumptions!$B$15*L123,0) -> 37.7 | S123: =IF(Assumptions!$B$18,Assumptions!$B$16*M123,0) -> 150.15 | T123: =K123+N123+Q123 -> 115.05 | U123: =L123+O123+R123 -> 235.2 | V123: =M123+P123+S123 -> 592.65 | W123: 50 | X123: 120 | Y123: 330 | Z123: =U123-X123 -> 115.2 | AA123: =IFERROR((U123-X123)/X123,"") -> 0.96 | AB123: =IF(ISNUMBER(AA123),IF(ABS(AA123)>Assumptions!$B$19,"REVIEW",""),"") -> REVIEW
A124: Kuala Lumpur | C124: 20 | D124: 50 | E124: 150 | F124: 8 | G124: 5 | H124: 3 | I124: 0.6 | J124: 4 | K124: =C124+3*Assumptions!$B$4*F124+Assumptions!$B$7*G124+H124+I124 -> 52.6 | L124: =D124+3*Assumptions!$B$5*F124+Assumptions!$B$8*G124+H124+I124 -> 106.8 | M124: =E124+3*Assumptions!$B$6*F124+Assumptions!$B$9*G124+H124+I124 -> 257.6 | N124: =IF(AND(Assumptions!$B$17,ISNUMBER(J124)),Assumptions!$B$10*Assumptions!$B$13*J124,0) -> 6 | O124: =IF(AND(Assumptions!$B$17,ISNUMBER(J124)),Assumptions!$B$11*Assumptions!$B$13*J124,0) -> 12 | P124: =IF(AND(Assumptions!$B$17,ISNUMBER(J124)),Assumptions!$B$12*Assumptions!$B$13*J124,0) -> 18 | Q124: =IF(Assumptions!$B$18,Assumptions!$B$14*K124,0) -> 5.26 | R124: =IF(Assumptions!$B$18,Assumptions!$B$15*L124,0) -> 21.36 | S124: =IF(Assumptions!$B$18,Assumptions!$B$16*M124,0) -> 90.16 | T124: =K124+N124+Q124 -> 63.86 | U124: =L124+O124+R124 -> 140.16 | V124: =M124+P124+S124 -> 365.76 | W124: 30 | X124: 75 | Y124: 220 | Z124: =U124-X124 -> 65.16 | AA124: =IFERROR((U124-X124)/X124,"") -> 0.8688 | AB124: =IF(ISNUMBER(AA124),IF(ABS(AA124)>Assumptions!$B$19,"REVIEW",""),"") -> REVIEW
A125: Kunming | C125: 18 | D125: 50 | E125: 120 | F125: 6 | G125: 3 | H125: 3.5 | I125: 0.5 | J125: 1.5 | K125: =C125+3*Assumptions!$B$4*F125+Assumptions!$B$7*G125+H125+I125 -> 43 | L125: =D125+3*Assumptions!$B$5*F125+Assumptions!$B$8*G125+H125+I125 -> 92.4 | M125: =E125+3*Assumptions!$B$6*F125+Assumptions!$B$9*G125+H125+I125 -> 199 | N125: =IF(AND(Assumptions!$B$17,ISNUMBER(J125)),Assumptions!$B$10*Assumptions!$B$13*J125,0) -> 2.25 | O125: =IF(AND(Assumptions!$B$17,ISNUMBER(J125)),Assumptions!$B$11*Assumptions!$B$13*J125,0) -> 4.5 | P125: =IF(AND(Assumptions!$B$17,ISNUMBER(J125)),Assumptions!$B$12*Assumptions!$B$13*J125,0) -> 6.75 | Q125: =IF(Assumptions!$B$18,Assumptions!$B$14*K125,0) -> 4.3 | R125: =IF(Assumptions!$B$18,Assumptions!$B$15*L125,0) -> 18.48 | S125: =IF(Assumptions!$B$18,Assumptions!$B$16*M125,0) -> 69.65 | T125: =K125+N125+Q125 -> 49.55 | U125: =L125+O125+R125 -> 115.38 | V125: =M125+P125+S125 -> 275.4 | W125: 30 | X125: 75 | Y125: 220 | Z125: =U125-X125 -> 40.38 | AA125: =IFERROR((U125-X125)/X125,"") -> 0.5384 | AB125: =IF(ISNUMBER(AA125),IF(ABS(AA125)>Assumptions!$B$19,"REVIEW",""),"") -> REVIEW
A126: Kuwait City | B126: restricted | C126: 80 | D126: 150 | E126: 350 | F126: 30 | G126: 10 | H126: 5 | I126: 1 | K126: =C126+3*Assumptions!$B$4*F126+Assumptions!$B$7*G126+H126+I126 -> 186 | L126: =D126+3*Assumptions!$B$5*F126+Assumptions!$B$8*G126+H126+I126 -> 338 | M126: =E126+3*Assumptions!$B$6*F126+Assumptions!$B$9*G126+H126+I126 -> 711 | N126: =IF(AND(Assumptions!$B$17,ISNUMBER(J126)),Assumptions!$B$10*Assumptions!$B$13*J126,0) -> 0 | O126: =IF(AND(Assumptions!$B$17,ISNUMBER(J126)),Assumptions!$B$11*Assumptions!$B$13*J126,0) -> 0 | P126: =IF(AND(Assumptions!$B$17,ISNUMBER(J126)),Assumptions!$B$12*Assumptions!$B$13*J126,0) -> 0 | Q126: =IF(Assumptions!$B$18,Assumptions!$B$14*K126,0) -> 18.6 | R126: =IF(Assumptions!$B$18,Assumptions!$B$15*L126,0) -> 67.6 | S126: =IF(Assumptions!$B$18,Assumptions!$B$16*M126,0) -> 248.85 | T126: =K126+N126+Q126 -> 204.6 | U126: =L126+O126+R126 -> 405.6 | V126: =M126+P126+S126 -> 959.85 | W126: 85 | X126: 205 | Y126: 595 | Z126: =U126-X126 -> 200.6 | AA126: =IFERROR((U126-X126)/X126,"") -> 0.97853659 | AB126: =IF(ISNUMBER(AA126),IF(ABS(AA126)>Assumptions!$B$19,"REVIEW",""),"") -> REVIEW
A127: Kyiv | C127: 28 | D127: 70 | E127: 190 | F127: 12 | G127: 5 | H127: 2.5 | I127: 1 | J127: 2 | K127: =C127+3*Assumptions!$B$4*F127+Assumptions!$B$7*G127+H127+I127 -> 72.5 | L127: =D127+3*Assumptions!$B$5*F127+Assumptions!$B$8*G127+H127+I127 -> 148.3 | M127: =E127+3*Assumptions!$B$6*F127+Assumptions!$B$9*G127+H127+I127 -> 339.5 | N127: =IF(AND(Assumptions!$B$17,ISNUMBER(J127)),Assumptions!$B$10*Assumptions!$B$13*J127,0) -> 3 | O127: =IF(AND(Assumptions!$B$17,ISNUMBER(J127)),Assumptions!$B$11*Assumptions!$B$13*J127,0) -> 6 | P127: =IF(AND(Assumptions!$B$17,ISNUMBER(J127)),Assumptions!$B$12*Assumptions!$B$13*J127,0) -> 9 | Q127: =IF(Assumptions!$B$18,Assumptions!$B$14*K127,0) -> 7.25 | R127: =IF(Assumptions!$B$18,Assumptions!$B$15*L127,0) -> 29.66 | S127: =IF(Assumptions!$B$18,Assumptions!$B$16*M127,0) -> 118.825 | T127: =K127+N127+Q127 -> 82.75 | U127: =L127+O127+R127 -> 183.96 | V127: =M127+P127+S127 -> 467.325 | W127: 40 | X127: 100 | Y127: 305 | Z127: =U127-X127 -> 83.96 | AA127: =IFERROR((U127-X127)/X127,"") -> 0.8396 | AB127: =IF(ISNUMBER(AA127),IF(ABS(AA127)>Assumptions!$B$19,"REVIEW",""),"") -> REVIEW
A128: Kyoto | C128: 60 | D128: 120 | E128: 300 | F128: 18 | G128: 25 | H128: 3.5 | I128: 1 | J128: 4 | K128: =C128+3*Assumptions!$B$4*F128+Assumptions!$B$7*G128+H128+I128 -> 143.5 | L128: =D128+3*Assumptions!$B$5*F128+Assumptions!$B$8*G128+H128+I128 -> 271.7 | M128: =E128+3*Assumptions!$B$6*F128+Assumptions!$B$9*G128+H128+I128 -> 593.5 | N128: =IF(AND(Assumptions!$B$17,ISNUMBER(J128)),Assumptions!$B$10*Assumptions!$B$13*J128,0) -> 6 | O128: =IF(AND(Assumptions!$B$17,ISNUMBER(J128)),Assumptions!$B$11*Assumptions!$B$13*J128,0) -> 12 | P128: =IF(AND(Assumptions!$B$17,ISNUMBER(J128)),Assumptions!$B$12*Assumptions!$B$13*J128,0) -> 18 | Q128: =IF(Assumptions!$B$18,Assumptions!$B$14*K128,0) -> 14.35 | R128: =IF(Assumptions!$B$18,Assumptions!$B$15*L128,0) -> 54.34 | S128: =IF(Assumptions!$B$18,Assumptions!$B$16*M128,0) -> 207.725 | T128: =K128+N128+Q128 -> 163.85 | U128: =L128+O128+R128 -> 338.04 | V128: =M128+P128+S128 -> 819.225 | W128: 65 | X128: 155 | Y128: 420 | Z128: =U128-X128 -> 183.04 | AA128: =IFERROR((U128-X128)/X128,"") -> 1.1809032 | AB128: =IF(ISNUMBER(AA128),IF(ABS(AA128)>Assumptions!$B$19,"REVIEW",""),"") -> REVIEW
A129: La Paz | C129: 20 | D129: 55 | E129: 150 | F129: 10 | G129: 4 | H129: 2.5 | I129: 1 | J129: 2.5 | K129: =C129+3*Assumptions!$B$4*F129+Assumptions!$B$7*G129+H129+I129 -> 57.5 | L129: =D129+3*Assumptions!$B$5*F129+Assumptions!$B$8*G129+H129+I129 -> 120.5 | M129: =E129+3*Assumptions!$B$6*F129+Assumptions!$B$9*G129+H129+I129 -> 274.5 | N129: =IF(AND(Assumptions!$B$17,ISNUMBER(J129)),Assumptions!$B$10*Assumptions!$B$13*J129,0) -> 3.75 | O129: =IF(AND(Assumptions!$B$17,ISNUMBER(J129)),Assumptions!$B$11*Assumptions!$B$13*J129,0) -> 7.5 | P129: =IF(AND(Assumptions!$B$17,ISNUMBER(J129)),Assumptions!$B$12*Assumptions!$B$13*J129,0) -> 11.25 | Q129: =IF(Assumptions!$B$18,Assumptions!$B$14*K129,0) -> 5.75 | R129: =IF(Assumptions!$B$18,Assumptions!$B$15*L129,0) -> 24.1 | S129: =IF(Assumptions!$B$18,Assumptions!$B$16*M129,0) -> 96.075 | T129: =K129+N129+Q129 -> 67 | U129: =L129+O129+R129 -> 152.1 | V129: =M129+P129+S129 -> 381.825 | W129: 35 | X129: 85 | Y129: 260 | Z129: =U129-X129 -> 67.1 | AA129: =IFERROR((U129-X129)/X129,"") -> 0.78941176 | AB129: =IF(ISNUMBER(AA129),IF(ABS(AA129)>Assumptions!$B$19,"REVIEW",""),"") -> REVIEW
A130: Lagos | C130: 30 | D130: 90 | E130: 350 | F130: 15 | G130: 8 | H130: 3 | I130: 0.5 | J130: 3 | K130: =C130+3*Assumptions!$B$4*F130+Assumptions!$B$7*G130+H130+I130 -> 86.5 | L130: =D130+3*Assumptions!$B$5*F130+Assumptions!$B$8*G130+H130+I130 -> 190.5 | M130: =E130+3*Assumptions!$B$6*F130+Assumptions!$B$9*G130+H130+I130 -> 543 | N130: =IF(AND(Assumptions!$B$17,ISNUMBER(J130)),Assumptions!$B$10*Assumptions!$B$13*J130,0) -> 4.5 | O130: =IF(AND(Assumptions!$B$17,ISNUMBER(J130)),Assumptions!$B$11*Assumptions!$B$13*J130,0) -> 9 | P130: =IF(AND(Assumptions!$B$17,ISNUMBER(J130)),Assumptions!$B$12*Assumptions!$B$13*J130,0) -> 13.5 | Q130: =IF(Assumptions!$B$18,Assumptions!$B$14*K130,0) -> 8.65 | R130: =IF(Assumptions!$B$18,Assumptions!$B$15*L130,0) -> 38.1 | S130: =IF(Assumptions!$B$18,Assumptions!$B$16*M130,0) -> 190.05 | T130: =K130+N130+Q130 -> 99.65 | U130: =L130+O130+R130 -> 237.6 | V130: =M130+P130+S130 -> 746.55 | W130: 50 | X130: 130 | Y130: 405 | Z130: =U130-X130 -> 107.6 | AA130: =IFERROR((U130-X130)/X130,"") -> 0.82769231 | AB130: =IF(ISNUMBER(AA130),IF(ABS(AA130)>Assumptions!$B$19,"REVIEW",""),"") -> REVIEW
A131: Lahore | C131: 18 | D131: 55 | E131: 120 | F131: 5 | G131: 3 | H131: 2 | I131: 0.3 | J131: 4 | K131: =C131+3*Assumptions!$B$4*F131+Assumptions!$B$7*G131+H131+I131 -> 38.3 | L131: =D131+3*Assumptions!$B$5*F131+Assumptions!$B$8*G131+H131+I131 -> 90.3 | M131: =E131+3*Assumptions!$B$6*F131+Assumptions!$B$9*G131+H131+I131 -> 186.8 | N131: =IF(AND(Assumptions!$B$17,ISNUMBER(J131)),Assumptions!$B$10*Assumptions!$B$13*J131,0) -> 6 | O131: =IF(AND(Assumptions!$B$17,ISNUMBER(J131)),Assumptions!$B$11*Assumptions!$B$13*J131,0) -> 12 | P131: =IF(AND(Assumptions!$B$17,ISNUMBER(J131)),Assumptions!$B$12*Assumptions!$B$13*J131,0) -> 18 | Q131: =IF(Assumptions!$B$18,Assumptions!$B$14*K131,0) -> 3.83 | R131: =IF(Assumptions!$B$18,Assumptions!$B$15*L131,0) -> 18.06 | S131: =IF(Assumptions!$B$18,Assumptions!$B$16*M131,0) -> 65.38 | T131: =K131+N131+Q131 -> 48.13 | U131: =L131+O131+R131 -> 120.36 | V131: =M131+P131+S131 -> 270.18 | W131: 20 | X131: 55 | Y131: 180 | Z131: =U131-X131 -> 65.36 | AA131: =IFERROR((U131-X131)/X131,"") -> 1.1883636 | AB131: =IF(ISNUMBER(AA131),IF(ABS(AA131)>Assumptions!$B$19,"REVIEW",""),"") -> REVIEW
A132: Las Vegas | C132: 45 | D132: 120 | E132: 300 | F132: 25 | G132: 30 | H132: 5 | I132: 2 | J132: 7 | K132: =C132+3*Assumptions!$B$4*F132+Assumptions!$B$7*G132+H132+I132 -> 157 | L132: =D132+3*Assumptions!$B$5*F132+Assumptions!$B$8*G132+H132+I132 -> 322 | M132: =E132+3*Assumptions!$B$6*F132+Assumptions!$B$9*G132+H132+I132 -> 689.5 | N132: =IF(AND(Assumptions!$B$17,ISNUMBER(J132)),Assumptions!$B$10*Assumptions!$B$13*J132,0) -> 10.5 | O132: =IF(AND(Assumptions!$B$17,ISNUMBER(J132)),Assumptions!$B$11*Assumptions!$B$13*J132,0) -> 21 | P132: =IF(AND(Assumptions!$B$17,ISNUMBER(J132)),Assumptions!$B$12*Assumptions!$B$13*J132,0) -> 31.5 | Q132: =IF(Assumptions!$B$18,Assumptions!$B$14*K132,0) -> 15.7 | R132: =IF(Assumptions!$B$18,Assumptions!$B$15*L132,0) -> 64.4 | S132: =IF(Assumptions!$B$18,Assumptions!$B$16*M132,0) -> 241.325 | T132: =K132+N132+Q132 -> 183.2 | U132: =L132+O132+R132 -> 407.4 | V132: =M132+P132+S132 -> 962.325 | W132: 90 | X132: 230 | Y132: 650 | Z132: =U132-X132 -> 177.4 | AA132: =IFERROR((U132-X132)/X132,"") -> 0.77130435 | AB132: =IF(ISNUMBER(AA132),IF(ABS(AA132)>Assumptions!$B$19,"REVIEW",""),"") -> REVIEW
A133: Libreville | C133: 45 | D133: 90 | E133: 220 | F133: 15 | G133: 6 | H133: 3 | I133: 1 | J133: 3.5 | K133: =C133+3*Assumptions!$B$4*F133+Assumptions!$B$7*G133+H133+I133 -> 100 | L133: =D133+3*Assumptions!$B$5*F133+Assumptions!$B$8*G133+H133+I133 -> 187 | M133: =E133+3*Assumptions!$B$6*F133+Assumptions!$B$9*G133+H133+I133 -> 405.5 | N133: =IF(AND(Assumptions!$B$17,ISNUMBER(J133)),Assumptions!$B$10*Assumptions!$B$13*J133,0) -> 5.25 | O133: =IF(AND(Assumptions!$B$17,ISNUMBER(J133)),Assumptions!$B$11*Assumptions!$B$13*J133,0) -> 10.5 | P133: =IF(AND(Assumptions!$B$17,ISNUMBER(J133)),Assumptions!$B$12*Assumptions!$B$13*J133,0) -> 15.75 | Q133: =IF(Assumptions!$B$18,Assumptions!$B$14*K133,0) -> 10 | R133: =IF(Assumptions!$B$18,Assumptions!$B$15*L133,0) -> 37.4 | S133: =IF(Assumptions!$B$18,Assumptions!$B$16*M133,0) -> 141.925 | T133: =K133+N133+Q133 -> 115.25 | U133: =L133+O133+R133 -> 234.9 | V133: =M133+P133+S133 -> 563.175 | W133: 50 | X133: 125 | Y133: 365 | Z133: =U133-X133 -> 109.9 | AA133: =IFERROR((U133-X133)/X133,"") -> 0.8792 | AB133: =IF(ISNUMBER(AA133),IF(ABS(AA133)>Assumptions!$B$19,"REVIEW",""),"") -> REVIEW
A134: Lilongwe | C134: 18 | D134: 70 | E134: 180 | F134: 8 | G134: 6 | H134: 2.5 | I134: 0.6 | J134: 2 | K134: =C134+3*Assumptions!$B$4*F134+Assumptions!$B$7*G134+H134+I134 -> 51.1 | L134: =D134+3*Assumptions!$B$5*F134+Assumptions!$B$8*G134+H134+I134 -> 128.3 | M134: =E134+3*Assumptions!$B$6*F134+Assumptions!$B$9*G134+H134+I134 -> 291.1 | N134: =IF(AND(Assumptions!$B$17,ISNUMBER(J134)),Assumptions!$B$10*Assumptions!$B$13*J134,0) -> 3 | O134: =IF(AND(Assumptions!$B$17,ISNUMBER(J134)),Assumptions!$B$11*Assumptions!$B$13*J134,0) -> 6 | P134: =IF(AND(Assumptions!$B$17,ISNUMBER(J134)),Assumptions!$B$12*Assumptions!$B$13*J134,0) -> 9 | Q134: =IF(Assumptions!$B$18,Assumptions!$B$14*K134,0) -> 5.11 | R134: =IF(Assumptions!$B$18,Assumptions!$B$15*L134,0) -> 25.66 | S134: =IF(Assumptions!$B$18,Assumptions!$B$16*M134,0) -> 101.885 | T134: =K134+N134+Q134 -> 59.21 | U134: =L134+O134+R134 -> 159.96 | V134: =M134+P134+S134 -> 401.985 | W134: 35 | X134: 85 | Y134: 255 | Z134: =U134-X134 -> 74.96 | AA134: =IFERROR((U134-X134)/X134,"") -> 0.88188235 | AB134: =IF(ISNUMBER(AA134),IF(ABS(AA134)>Assumptions!$B$19,"REVIEW",""),"") -> REVIEW
A135: Lima | C135: 35 | D135: 80 | E135: 160 | F135: 15 | G135: 10 | H135: 2.5 | I135: 0.8 | J135: 3 | K135: =C135+3*Assumptions!$B$4*F135+Assumptions!$B$7*G135+H135+I135 -> 93.3 | L135: =D135+3*Assumptions!$B$5*F135+Assumptions!$B$8*G135+H135+I135 -> 184.3 | M135: =E135+3*Assumptions!$B$6*F135+Assumptions!$B$9*G135+H135+I135 -> 360.8 | N135: =IF(AND(Assumptions!$B$17,ISNUMBER(J135)),Assumptions!$B$10*Assumptions!$B$13*J135,0) -> 4.5 | O135: =IF(AND(Assumptions!$B$17,ISNUMBER(J135)),Assumptions!$B$11*Assumptions!$B$13*J135,0) -> 9 | P135: =IF(AND(Assumptions!$B$17,ISNUMBER(J135)),Assumptions!$B$12*Assumptions!$B$13*J135,0) -> 13.5 | Q135: =IF(Assumptions!$B$18,Assumptions!$B$14*K135,0) -> 9.33 | R135: =IF(Assumptions!$B$18,Assumptions!$B$15*L135,0) -> 36.86 | S135: =IF(Assumptions!$B$18,Assumptions!$B$16*M135,0) -> 126.28 | T135: =K135+N135+Q135 -> 107.13 | U135: =L135+O135+R135 -> 230.16 | V135: =M135+P135+S135 -> 500.58 | W135: 45 | X135: 110 | Y135: 320 | Z135: =U135-X135 -> 120.16 | AA135: =IFERROR((U135-X135)/X135,"") -> 1.0923636 | AB135: =IF(ISNUMBER(AA135),IF(ABS(AA135)>Assumptions!$B$19,"REVIEW",""),"") -> REVIEW
A136: Lisbon | C136: 65 | D136: 120 | E136: 280 | F136: 18 | G136: 20 | H136: 0.9 | I136: 1.2 | J136: 2.5 | K136: =C136+3*Assumptions!$B$4*F136+Assumptions!$B$7*G136+H136+I136 -> 141.1 | L136: =D136+3*Assumptions!$B$5*F136+Assumptions!$B$8*G136+H136+I136 -> 259.3 | M136: =E136+3*Assumptions!$B$6*F136+Assumptions!$B$9*G136+H136+I136 -> 551.1 | N136: =IF(AND(Assumptions!$B$17,ISNUMBER(J136)),Assumptions!$B$10*Assumptions!$B$13*J136,0) -> 3.75 | O136: =IF(AND(Assumptions!$B$17,ISNUMBER(J136)),Assumptions!$B$11*Assumptions!$B$13*J136,0) -> 7.5 | P136: =IF(AND(Assumptions!$B$17,ISNUMBER(J136)),Assumptions!$B$12*Assumptions!$B$13*J136,0) -> 11.25 | Q136: =IF(Assumptions!$B$18,Assumptions!$B$14*K136,0) -> 14.11 | R136: =IF(Assumptions!$B$18,Assumptions!$B$15*L136,0) -> 51.86 | S136: =IF(Assumptions!$B$18,Assumptions!$B$16*M136,0) -> 192.885 | T136: =K136+N136+Q136 -> 158.96 | U136: =L136+O136+R136 -> 318.66 | V136: =M136+P136+S136 -> 755.235 | W136: 65 | X136: 160 | Y136: 440 | Z136: =U136-X136 -> 158.66 | AA136: =IFERROR((U136-X136)/X136,"") -> 0.991625 | AB136: =IF(ISNUMBER(AA136),IF(ABS(AA136)>Assumptions!$B$19,"REVIEW",""),"") -> REVIEW
A137: Ljubljana | C137: 55 | D137: 120 | E137: 280 | F137: 22 | G137: 9 | H137: 2.8 | I137: 1.8 | J137: 4.5 | K137: =C137+3*Assumptions!$B$4*F137+Assumptions!$B$7*G137+H137+I137 -> 134.6 | L137: =D137+3*Assumptions!$B$5*F137+Assumptions!$B$8*G137+H137+I137 -> 261.4 | M137: =E137+3*Assumptions!$B$6*F137+Assumptions!$B$9*G137+H137+I137 -> 551.6 | N137: =IF(AND(Assumptions!$B$17,ISNUMBER(J137)),Assumptions!$B$10*Assumptions!$B$13*J137,0) -> 6.75 | O137: =IF(AND(Assumptions!$B$17,ISNUMBER(J137)),Assumptions!$B$11*Assumptions!$B$13*J137,0) -> 13.5 | P137: =IF(AND(Assumptions!$B$17,ISNUMBER(J137)),Assumptions!$B$12*Assumptions!$B$13*J137,0) -> 20.25 | Q137: =IF(Assumptions!$B$18,Assumptions!$B$14*K137,0) -> 13.46 | R137: =IF(Assumptions!$B$18,Assumptions!$B$15*L137,0) -> 52.28 | S137: =IF(Assumptions!$B$18,Assumptions!$B$16*M137,0) -> 193.06 | T137: =K137+N137+Q137 -> 154.81 | U137: =L137+O137+R137 -> 327.18 | V137: =M137+P137+S137 -> 764.91 | W137: 65 | X137: 160 | Y137: 465 | Z137: =U137-X137 -> 167.18 | AA137: =IFERROR((U137-X137)/X137,"") -> 1.044875 | AB137: =IF(ISNUMBER(AA137),IF(ABS(AA137)>Assumptions!$B$19,"REVIEW",""),"") -> REVIEW
A138: Lomé | C138: 20 | D138: 70 | E138: 200 | F138: 10 | G138: 4 | H138: 2 | I138: 0.6 | J138: 1.5 | K138: =C138+3*Assumptions!$B$4*F138+Assumptions!$B$7*G138+H138+I138 -> 56.6 | L138: =D138+3*Assumptions!$B$5*F138+Assumptions!$B$8*G138+H138+I138 -> 134.6 | M138: =E138+3*Assumptions!$B$6*F138+Assumptions!$B$9*G138+H138+I138 -> 323.6 | N138: =IF(AND(Assumptions!$B$17,ISNUMBER(J138)),Assumptions!$B$10*Assumptions!$B$13*J138,0) -> 2.25 | O138: =IF(AND(Assumptions!$B$17,ISNUMBER(J138)),Assumptions!$B$11*Assumptions!$B$13*J138,0) -> 4.5 | P138: =IF(AND(Assumptions!$B$17,ISNUMBER(J138)),Assumptions!$B$12*Assumptions!$B$13*J138,0) -> 6.75 | Q138: =IF(Assumptions!$B$18,Assumptions!$B$14*K138,0) -> 5.66 | R138: =IF(Assumptions!$B$18,Assumptions!$B$15*L138,0) -> 26.92 | S138: =IF(Assumptions!$B$18,Assumptions!$B$16*M138,0) -> 113.26 | T138: =K138+N138+Q138 -> 64.51 | U138: =L138+O138+R138 -> 166.02 | V138: =M138+P138+S138 -> 443.61 | W138: 35 | X138: 90 | Y138: 280 | Z138: =U138-X138 -> 76.02 | AA138: =IFERROR((U138-X138)/X138,"") -> 0.84466667 | AB138: =IF(ISNUMBER(AA138),IF(ABS(AA138)>Assumptions!$B$19,"REVIEW",""),"") -> REVIEW
... A147: Malabo | C147: 60 | D147: 160 | E147: 300 | F147: 30 | G147: 8 | H147: 3.5 | I147: 1.5 | J147: 4.5 | K147: =C147+3*Assumptions!$B$4*F147+Assumptions!$B$7*G147+H147+I147 -> 163 | L147: =D147+3*Assumptions!$B$5*F147+Assumptions!$B$8*G147+H147+I147 -> 343 | M147: =E147+3*Assumptions!$B$6*F147+Assumptions!$B$9*G147+H147+I147 -> 652 | N147: =IF(AND(Assumptions!$B$17,ISNUMBER(J147)),Assumptions!$B$10*Assumptions!$B$13*J147,0) -> 6.75 | O147: =IF(AND(Assumptions!$B$17,ISNUMBER(J147)),Assumptions!$B$11*Assumptions!$B$13*J147,0) -> 13.5 | P147: =IF(AND(Assumptions!$B$17,ISNUMBER(J147)),Assumptions!$B$12*Assumptions!$B$13*J147,0) -> 20.25 | Q147: =IF(Assumptions!$B$18,Assumptions!$B$14*K147,0) -> 16.3 | R147: =IF(Assumptions!$B$18,Assumptions!$B$15*L147,0) -> 68.6 | S147: =IF(Assumptions!$B$18,Assumptions!$B$16*M147,0) -> 228.2 | T147: =K147+N147+Q147 -> 186.05 | U147: =L147+O147+R147 -> 425.1 | V147: =M147+P147+S147 -> 900.45 | W147: 75 | X147: 185 | Y147: 545 | Z147: =U147-X147 -> 240.1 | AA147: =IFERROR((U147-X147)/X147,"") -> 1.2978378 | AB147: =IF(ISNUMBER(AA147),IF(ABS(AA147)>Assumptions!$B$19,"REVIEW",""),"") -> REVIEW
A148: Malé | B148: restricted | C148: 25 | D148: 90 | E148: 280 | F148: 15 | G148: 5 | H148: 3 | I148: 1 | K148: =C148+3*Assumptions!$B$4*F148+Assumptions!$B$7*G148+H148+I148 -> 79 | L148: =D148+3*Assumptions!$B$5*F148+Assumptions!$B$8*G148+H148+I148 -> 185 | M148: =E148+3*Assumptions!$B$6*F148+Assumptions!$B$9*G148+H148+I148 -> 461.5 | N148: =IF(AND(Assumptions!$B$17,ISNUMBER(J148)),Assumptions!$B$10*Assumptions!$B$13*J148,0) -> 0 | O148: =IF(AND(Assumptions!$B$17,ISNUMBER(J148)),Assumptions!$B$11*Assumptions!$B$13*J148,0) -> 0 | P148: =IF(AND(Assumptions!$B$17,ISNUMBER(J148)),Assumptions!$B$12*Assumptions!$B$13*J148,0) -> 0 | Q148: =IF(Assumptions!$B$18,Assumptions!$B$14*K148,0) -> 7.9 | R148: =IF(Assumptions!$B$18,Assumptions!$B$15*L148,0) -> 37 | S148: =IF(Assumptions!$B$18,Assumptions!$B$16*M148,0) -> 161.525 | T148: =K148+N148+Q148 -> 86.9 | U148: =L148+O148+R148 -> 222 | V148: =M148+P148+S148 -> 623.025 | W148: 45 | X148: 115 | Y148: 365 | Z148: =U148-X148 -> 107 | AA148: =IFERROR((U148-X148)/X148,"") -> 0.93043478 | AB148: =IF(ISNUMBER(AA148),IF(ABS(AA148)>Assumptions!$B$19,"REVIEW",""),"") -> REVIEW
A149: Managua | C149: 15 | D149: 70 | E149: 130 | F149: 8 | G149: 4 | H149: 2.5 | I149: 1 | J149: 2 | K149: =C149+3*Assumptions!$B$4*F149+Assumptions!$B$7*G149+H149+I149 -> 46.5 | L149: =D149+3*Assumptions!$B$5*F149+Assumptions!$B$8*G149+H149+I149 -> 124.7 | M149: =E149+3*Assumptions!$B$6*F149+Assumptions!$B$9*G149+H149+I149 -> 233.5 | N149: =IF(AND(Assumptions!$B$17,ISNUMBER(J149)),Assumptions!$B$10*Assumptions!$B$13*J149,0) -> 3 | O149: =IF(AND(Assumptions!$B$17,ISNUMBER(J149)),Assumptions!$B$11*Assumptions!$B$13*J149,0) -> 6 | P149: =IF(AND(Assumptions!$B$17,ISNUMBER(J149)),Assumptions!$B$12*Assumptions!$B$13*J149,0) -> 9 | Q149: =IF(Assumptions!$B$18,Assumptions!$B$14*K149,0) -> 4.65 | R149: =IF(Assumptions!$B$18,Assumptions!$B$15*L149,0) -> 24.94 | S149: =IF(Assumptions!$B$18,Assumptions!$B$16*M149,0) -> 81.725 | T149: =K149+N149+Q149 -> 54.15 | U149: =L149+O149+R149 -> 155.64 | V149: =M149+P149+S149 -> 324.225 | W149: 30 | X149: 75 | Y149: 225 | Z149: =U149-X149 -> 80.64 | AA149: =IFERROR((U149-X149)/X149,"") -> 1.0752 | AB149: =IF(ISNUMBER(AA149),IF(ABS(AA149)>Assumptions!$B$19,"REVIEW",""),"") -> REVIEW
A150: Manama | C150: 35 | D150: 90 | E150: 280 | F150: 18 | G150: 6 | H150: 4 | I150: 0.6 | J150: 9 | K150: =C150+3*Assumptions!$B$4*F150+Assumptions!$B$7*G150+H150+I150 -> 99.6 | L150: =D150+3*Assumptions!$B$5*F150+Assumptions!$B$8*G150+H150+I150 -> 203.8 | M150: =E150+3*Assumptions!$B$6*F150+Assumptions!$B$9*G150+H150+I150 -> 497.6 | N150: =IF(AND(Assumptions!$B$17,ISNUMBER(J150)),Assumptions!$B$10*Assumptions!$B$13*J150,0) -> 13.5 | O150: =IF(AND(Assumptions!$B$17,ISNUMBER(J150)),Assumptions!$B$11*Assumptions!$B$13*J150,0) -> 27 | P150: =IF(AND(Assumptions!$B$17,ISNUMBER(J150)),Assumptions!$B$12*Assumptions!$B$13*J150,0) -> 40.5 | Q150: =IF(Assumptions!$B$18,Assumptions!$B$14*K150,0) -> 9.96 | R150: =IF(Assumptions!$B$18,Assumptions!$B$15*L150,0) -> 40.76 | S150: =IF(Assumptions!$B$18,Assumptions!$B$16*M150,0) -> 174.16 | T150: =K150+N150+Q150 -> 123.06 | U150: =L150+O150+R150 -> 271.56 | V150: =M150+P150+S150 -> 712.26 | W150: 50 | X150: 135 | Y150: 405 | Z150: =U150-X150 -> 136.56 | AA150: =IFERROR((U150-X150)/X150,"") -> 1.0115556 | AB150: =IF(ISNUMBER(AA150),IF(ABS(AA150)>Assumptions!$B$19,"REVIEW",""),"") -> REVIEW
A151: Manila | C151: 20 | D151: 70 | E151: 200 | F151: 8 | G151: 5 | H151: 3 | I151: 0.5 | J151: 2 | K151: =C151+3*Assumptions!$B$4*F151+Assumptions!$B$7*G151+H151+I151 -> 52.5 | L151: =D151+3*Assumptions!$B$5*F151+Assumptions!$B$8*G151+H151+I151 -> 126.7 | M151: =E151+3*Assumptions!$B$6*F151+Assumptions!$B$9*G151+H151+I151 -> 307.5 | N151: =IF(AND(Assumptions!$B$17,ISNUMBER(J151)),Assumptions!$B$10*Assumptions!$B$13*J151,0) -> 3 | O151: =IF(AND(Assumptions!$B$17,ISNUMBER(J151)),Assumptions!$B$11*Assumptions!$B$13*J151,0) -> 6 | P151: =IF(AND(Assumptions!$B$17,ISNUMBER(J151)),Assumptions!$B$12*Assumptions!$B$13*J151,0) -> 9 | Q151: =IF(Assumptions!$B$18,Assumptions!$B$14*K151,0) -> 5.25 | R151: =IF(Assumptions!$B$18,Assumptions!$B$15*L151,0) -> 25.34 | S151: =IF(Assumptions!$B$18,Assumptions!$B$16*M151,0) -> 107.625 | T151: =K151+N151+Q151 -> 60.75 | U151: =L151+O151+R151 -> 158.04 | V151: =M151+P151+S151 -> 424.125 | W151: 35 | X151: 85 | Y151: 265 | Z151: =U151-X151 -> 73.04 | AA151: =IFERROR((U151-X151)/X151,"") -> 0.85929412 | AB151: =IF(ISNUMBER(AA151),IF(ABS(AA151)>Assumptions!$B$19,"REVIEW",""),"") -> REVIEW
A152: Maputo | C152: 25 | D152: 90 | E152: 180 | F152: 12 | G152: 6 | H152: 1.5 | I152: 0.8 | J152: 2 | K152: =C152+3*Assumptions!$B$4*F152+Assumptions!$B$7*G152+H152+I152 -> 69.3 | L152: =D152+3*Assumptions!$B$5*F152+Assumptions!$B$8*G152+H152+I152 -> 169.1 | M152: =E152+3*Assumptions!$B$6*F152+Assumptions!$B$9*G152+H152+I152 -> 332.3 | N152: =IF(AND(Assumptions!$B$17,ISNUMBER(J152)),Assumptions!$B$10*Assumptions!$B$13*J152,0) -> 3 | O152: =IF(AND(Assumptions!$B$17,ISNUMBER(J152)),Assumptions!$B$11*Assumptions!$B$13*J152,0) -> 6 | P152: =IF(AND(Assumptions!$B$17,ISNUMBER(J152)),Assumptions!$B$12*Assumptions!$B$13*J152,0) -> 9 | Q152: =IF(Assumptions!$B$18,Assumptions!$B$14*K152,0) -> 6.93 | R152: =IF(Assumptions!$B$18,Assumptions!$B$15*L152,0) -> 33.82 | S152: =IF(Assumptions!$B$18,Assumptions!$B$16*M152,0) -> 116.305 | T152: =K152+N152+Q152 -> 79.23 | U152: =L152+O152+R152 -> 208.92 | V152: =M152+P152+S152 -> 457.605 | W152: 40 | X152: 100 | Y152: 295 | Z152: =U152-X152 -> 108.92 | AA152: =IFERROR((U152-X152)/X152,"") -> 1.0892 | AB152: =IF(ISNUMBER(AA152),IF(ABS(AA152)>Assumptions!$B$19,"REVIEW",""),"") -> REVIEW
A153: Marne-la-Vallée | C153: 110 | D153: 200 | E153: 500 | F153: 30 | G153: 30 | H153: 3.5 | I153: 2.5 | J153: 7.5 | K153: =C153+3*Assumptions!$B$4*F153+Assumptions!$B$7*G153+H153+I153 -> 236 | L153: =D153+3*Assumptions!$B$5*F153+Assumptions!$B$8*G153+H153+I153 -> 428 | M153: =E153+3*Assumptions!$B$6*F153+Assumptions!$B$9*G153+H153+I153 -> 941 | N153: =IF(AND(Assumptions!$B$17,ISNUMBER(J153)),Assumptions!$B$10*Assumptions!$B$13*J153,0) -> 11.25 | O153: =IF(AND(Assumptions!$B$17,ISNUMBER(J153)),Assumptions!$B$11*Assumptions!$B$13*J153,0) -> 22.5 | P153: =IF(AND(Assumptions!$B$17,ISNUMBER(J153)),Assumptions!$B$12*Assumptions!$B$13*J153,0) -> 33.75 | Q153: =IF(Assumptions!$B$18,Assumptions!$B$14*K153,0) -> 23.6 | R153: =IF(Assumptions!$B$18,Assumptions!$B$15*L153,0) -> 85.6 | S153: =IF(Assumptions!$B$18,Assumptions!$B$16*M153,0) -> 329.35 | T153: =K153+N153+Q153 -> 270.85 | U153: =L153+O153+R153 -> 536.1 | V153: =M153+P153+S153 -> 1304.1 | W153: 90 | X153: 220 | Y153: 600 | Z153: =U153-X153 -> 316.1 | AA153: =IFERROR((U153-X153)/X153,"") -> 1.4368182 | AB153: =IF(ISNUMBER(AA153),IF(ABS(AA153)>Assumptions!$B$19,"REVIEW",""),"") -> REVIEW
A154: Marrakech | B154: restricted | C154: 30 | D154: 70 | E154: 250 | F154: 12 | G154: 6 | H154: 1.5 | I154: 0.4 | K154: =C154+3*Assumptions!$B$4*F154+Assumptions!$B$7*G154+H154+I154 -> 73.9 | L154: =D154+3*Assumptions!$B$5*F154+Assumptions!$B$8*G154+H154+I154 -> 148.7 | M154: =E154+3*Assumptions!$B$6*F154+Assumptions!$B$9*G154+H154+I154 -> 401.9 | N154: =IF(AND(Assumptions!$B$17,ISNUMBER(J154)),Assumptions!$B$10*Assumptions!$B$13*J154,0) -> 0 | O154: =IF(AND(Assumptions!$B$17,ISNUMBER(J154)),Assumptions!$B$11*Assumptions!$B$13*J154,0) -> 0 | P154: =IF(AND(Assumptions!$B$17,ISNUMBER(J154)),Assumptions!$B$12*Assumptions!$B$13*J154,0) -> 0 | Q154: =IF(Assumptions!$B$18,Assumptions!$B$14*K154,0) -> 7.39 | R154: =IF(Assumptions!$B$18,Assumptions!$B$15*L154,0) -> 29.74 | S154: =IF(Assumptions!$B$18,Assumptions!$B$16*M154,0) -> 140.665 | T154: =K154+N154+Q154 -> 81.29 | U154: =L154+O154+R154 -> 178.44 | V154: =M154+P154+S154 -> 542.565 | W154: 40 | X154: 95 | Y154: 300 | Z154: =U154-X154 -> 83.44 | AA154: =IFERROR((U154-X154)/X154,"") -> 0.87831579 | AB154: =IF(ISNUMBER(AA154),IF(ABS(AA154)>Assumptions!$B$19,"REVIEW",""),"") -> REVIEW
A155: Maseru | C155: 40 | D155: 75 | E155: 210 | F155: 9 | G155: 4 | H155: 2 | I155: 1 | J155: 2 | K155: =C155+3*Assumptions!$B$4*F155+Assumptions!$B$7*G155+H155+I155 -> 74 | L155: =D155+3*Assumptions!$B$5*F155+Assumptions!$B$8*G155+H155+I155 -> 134.6 | M155: =E155+3*Assumptions!$B$6*F155+Assumptions!$B$9*G155+H155+I155 -> 323.5 | N155: =IF(AND(Assumptions!$B$17,ISNUMBER(J155)),Assumptions!$B$10*Assumptions!$B$13*J155,0) -> 3 | O155: =IF(AND(Assumptions!$B$17,ISNUMBER(J155)),Assumptions!$B$11*Assumptions!$B$13*J155,0) -> 6 | P155: =IF(AND(Assumptions!$B$17,ISNUMBER(J155)),Assumptions!$B$12*Assumptions!$B$13*J155,0) -> 9 | Q155: =IF(Assumptions!$B$18,Assumptions!$B$14*K155,0) -> 7.4 | R155: =IF(Assumptions!$B$18,Assumptions!$B$15*L155,0) -> 26.92 | S155: =IF(Assumptions!$B$18,Assumptions!$B$16*M155,0) -> 113.225 | T155: =K155+N155+Q155 -> 84.4 | U155: =L155+O155+R155 -> 167.52 | V155: =M155+P155+S155 -> 445.725 | W155: 45 | X155: 105 | Y155: 305 | Z155: =U155-X155 -> 62.52 | AA155: =IFERROR((U155-X155)/X155,"") -> 0.59542857 | AB155: =IF(ISNUMBER(AA155),IF(ABS(AA155)>Assumptions!$B$19,"REVIEW",""),"") -> REVIEW
A156: Mbabane | C156: 25 | D156: 90 | E156: 220 | F156: 12 | G156: 6 | H156: 2.5 | I156: 1 | J156: 2.5 | K156: =C156+3*Assumptions!$B$4*F156+Assumptions!$B$7*G156+H156+I156 -> 70.5 | L156: =D156+3*Assumptions!$B$5*F156+Assumptions!$B$8*G156+H156+I156 -> 170.3 | M156: =E156+3*Assumptions!$B$6*F156+Assumptions!$B$9*G156+H156+I156 -> 373.5 | N156: =IF(AND(Assumptions!$B$17,ISNUMBER(J156)),Assumptions!$B$10*Assumptions!$B$13*J156,0) -> 3.75 | O156: =IF(AND(Assumptions!$B$17,ISNUMBER(J156)),Assumptions!$B$11*Assumptions!$B$13*J156,0) -> 7.5 | P156: =IF(AND(Assumptions!$B$17,ISNUMBER(J156)),Assumptions!$B$12*Assumptions!$B$13*J156,0) -> 11.25 | Q156: =IF(Assumptions!$B$18,Assumptions!$B$14*K156,0) -> 7.05 | R156: =IF(Assumptions!$B$18,Assumptions!$B$15*L156,0) -> 34.06 | S156: =IF(Assumptions!$B$18,Assumptions!$B$16*M156,0) -> 130.725 | T156: =K156+N156+Q156 -> 81.3 | U156: =L156+O156+R156 -> 211.86 | V156: =M156+P156+S156 -> 515.475 | W156: 40 | X156: 105 | Y156: 315 | Z156: =U156-X156 -> 106.86 | AA156: =IFERROR((U156-X156)/X156,"") -> 1.0177143 | AB156: =IF(ISNUMBER(AA156),IF(ABS(AA156)>Assumptions!$B$19,"REVIEW",""),"") -> REVIEW
A157: Mecca | B157: notallowed | C157: 45 | D157: 120 | E157: 300 | F157: 12 | G157: 10 | H157: 2 | I157: 0.3 | K157: =C157+3*Assumptions!$B$4*F157+Assumptions!$B$7*G157+H157+I157 -> 93.3 | L157: =D157+3*Assumptions!$B$5*F157+Assumptions!$B$8*G157+H157+I157 -> 207.1 | M157: =E157+3*Assumptions!$B$6*F157+Assumptions!$B$9*G157+H157+I157 -> 468.3 | N157: =IF(AND(Assumptions!$B$17,ISNUMBER(J157)),Assumptions!$B$10*Assumptions!$B$13*J157,0) -> 0 | O157: =IF(AND(Assumptions!$B$17,ISNUMBER(J157)),Assumptions!$B$11*Assumptions!$B$13*J157,0) -> 0 | P157: =IF(AND(Assumptions!$B$17,ISNUMBER(J157)),Assumptions!$B$12*Assumptions!$B$13*J157,0) -> 0 | Q157: =IF(Assumptions!$B$18,Assumptions!$B$14*K157,0) -> 9.33 | R157: =IF(Assumptions!$B$18,Assumptions!$B$15*L157,0) -> 41.42 | S157: =IF(Assumptions!$B$18,Assumptions!$B$16*M157,0) -> 163.905 | T157: =K157+N157+Q157 -> 102.63 | U157: =L157+O157+R157 -> 248.52 | V157: =M157+P157+S157 -> 632.205 | W157: 60 | X157: 150 | Y157: 500 | Z157: =U157-X157 -> 98.52 | AA157: =IFERROR((U157-X157)/X157,"") -> 0.6568 | AB157: =IF(ISNUMBER(AA157),IF(ABS(AA157)>Assumptions!$B$19,"REVIEW",""),"") -> REVIEW
A158: Medina | B158: notallowed | C158: 40 | D158: 90 | E158: 200 | F158: 12 | G158: 10 | H158: 2 | I158: 0.3 | K158: =C158+3*Assumptions!$B$4*F158+Assumptions!$B$7*G158+H158+I158 -> 88.3 | L158: =D158+3*Assumptions!$B$5*F158+Assumptions!$B$8*G158+H158+I158 -> 177.1 | M158: =E158+3*Assumptions!$B$6*F158+Assumptions!$B$9*G158+H158+I158 -> 368.3 | N158: =IF(AND(Assumptions!$B$17,ISNUMBER(J158)),Assumptions!$B$10*Assumptions!$B$13*J158,0) -> 0 | O158: =IF(AND(Assumptions!$B$17,ISNUMBER(J158)),Assumptions!$B$11*Assumptions!$B$13*J158,0) -> 0 | P158: =IF(AND(Assumptions!$B$17,ISNUMBER(J158)),Assumptions!$B$12*Assumptions!$B$13*J158,0) -> 0 | Q158: =IF(Assumptions!$B$18,Assumptions!$B$14*K158,0) -> 8.83 | R158: =IF(Assumptions!$B$18,Assumptions!$B$15*L158,0) -> 35.42 | S158: =IF(Assumptions!$B$18,Assumptions!$B$16*M158,0) -> 128.905 | T158: =K158+N158+Q158 -> 97.13 | U158: =L158+O158+R158 -> 212.52 | V158: =M158+P158+S158 -> 497.205 | W158: 55 | X158: 140 | Y158: 450 | Z158: =U158-X158 -> 72.52 | AA158: =IFERROR((U158-X158)/X158,"") -> 0.518 | AB158: =IF(ISNUMBER(AA158),IF(ABS(AA158)>Assumptions!$B$19,"REVIEW",""),"") -> REVIEW
A159: Melbourne | C159: 75 | D159: 130 | E159: 300 | F159: 22 | G159: 22 | H159: 3.5 | I159: 2 | J159: 6 | K159: =C159+3*Assumptions!$B$4*F159+Assumptions!$B$7*G159+H159+I159 -> 168.5 | L159: =D159+3*Assumptions!$B$5*F159+Assumptions!$B$8*G159+H159+I159 -> 298.3 | M159: =E159+3*Assumptions!$B$6*F159+Assumptions!$B$9*G159+H159+I159 -> 624.5 | N159: =IF(AND(Assumptions!$B$17,ISNUMBER(J159)),Assumptions!$B$10*Assumptions!$B$13*J159,0) -> 9 | O159: =IF(AND(Assumptions!$B$17,ISNUMBER(J159)),Assumptions!$B$11*Assumptions!$B$13*J159,0) -> 18 | P159: =IF(AND(Assumptions!$B$17,ISNUMBER(J159)),Assumptions!$B$12*Assumptions!$B$13*J159,0) -> 27 | Q159: =IF(Assumptions!$B$18,Assumptions!$B$14*K159,0) -> 16.85 | R159: =IF(Assumptions!$B$18,Assumptions!$B$15*L159,0) -> 59.66 | S159: =IF(Assumptions!$B$18,Assumptions!$B$16*M159,0) -> 218.575 | T159: =K159+N159+Q159 -> 194.35 | U159: =L159+O159+R159 -> 375.96 | V159: =M159+P159+S159 -> 870.075 | W159: 85 | X159: 210 | Y159: 570 | Z159: =U159-X159 -> 165.96 | AA159: =IFERROR((U159-X159)/X159,"") -> 0.79028571 | AB159: =IF(ISNUMBER(AA159),IF(ABS(AA159)>Assumptions!$B$19,"REVIEW",""),"") -> REVIEW
A160: Mexico City | C160: 40 | D160: 90 | E160: 300 | F160: 15 | G160: 12 | H160: 2.5 | I160: 0.7 | J160: 2 | K160: =C160+3*Assumptions!$B$4*F160+Assumptions!$B$7*G160+H160+I160 -> 100.2 | L160: =D160+3*Assumptions!$B$5*F160+Assumptions!$B$8*G160+H160+I160 -> 198.2 | M160: =E160+3*Assumptions!$B$6*F160+Assumptions!$B$9*G160+H160+I160 -> 508.7 | N160: =IF(AND(Assumptions!$B$17,ISNUMBER(J160)),Assumptions!$B$10*Assumptions!$B$13*J160,0) -> 3 | O160: =IF(AND(Assumptions!$B$17,ISNUMBER(J160)),Assumptions!$B$11*Assumptions!$B$13*J160,0) -> 6 | P160: =IF(AND(Assumptions!$B$17,ISNUMBER(J160)),Assumptions!$B$12*Assumptions!$B$13*J160,0) -> 9 | Q160: =IF(Assumptions!$B$18,Assumptions!$B$14*K160,0) -> 10.02 | R160: =IF(Assumptions!$B$18,Assumptions!$B$15*L160,0) -> 39.64 | S160: =IF(Assumptions!$B$18,Assumptions!$B$16*M160,0) -> 178.045 | T160: =K160+N160+Q160 -> 113.22 | U160: =L160+O160+R160 -> 243.84 | V160: =M160+P160+S160 -> 695.745 | W160: 40 | X160: 100 | Y160: 300 | Z160: =U160-X160 -> 143.84 | AA160: =IFERROR((U160-X160)/X160,"") -> 1.4384 | AB160: =IF(ISNUMBER(AA160),IF(ABS(AA160)>Assumptions!$B$19,"REVIEW",""),"") -> REVIEW
A161: Miami | C161: 90 | D161: 180 | E161: 400 | F161: 30 | G161: 30 | H161: 4 | I161: 2 | J161: 6 | K161: =C161+3*Assumptions!$B$4*F161+Assumptions!$B$7*G161+H161+I161 -> 216 | L161: =D161+3*Assumptions!$B$5*F161+Assumptions!$B$8*G161+H161+I161 -> 408 | M161: =E161+3*Assumptions!$B$6*F161+Assumptions!$B$9*G161+H161+I161 -> 841 | N161: =IF(AND(Assumptions!$B$17,ISNUMBER(J161)),Assumptions!$B$10*Assumptions!$B$13*J161,0) -> 9 | O161: =IF(AND(Assumptions!$B$17,ISNUMBER(J161)),Assumptions!$B$11*Assumptions!$B$13*J161,0) -> 18 | P161: =IF(AND(Assumptions!$B$17,ISNUMBER(J161)),Assumptions!$B$12*Assumptions!$B$13*J161,0) -> 27 | Q161: =IF(Assumptions!$B$18,Assumptions!$B$14*K161,0) -> 21.6 | R161: =IF(Assumptions!$B$18,Assumptions!$B$15*L161,0) -> 81.6 | S161: =IF(Assumptions!$B$18,Assumptions!$B$16*M161,0) -> 294.35 | T161: =K161+N161+Q161 -> 246.6 | U161: =L161+O161+R161 -> 507.6 | V161: =M161+P161+S161 -> 1162.35 | W161: 100 | X161: 250 | Y161: 700 | Z161: =U161-X161 -> 257.6 | AA161: =IFERROR((U161-X161)/X161,"") -> 1.0304 | AB161: =IF(ISNUMBER(AA161),IF(ABS(AA161)>Assumptions!$B$19,"REVIEW",""),"") -> REVIEW
A162: Milan | C162: 65 | D162: 130 | E162: 330 | F162: 25 | G162: 18 | H162: 1.5 | I162: 1 | J162: 6 | K162: =C162+3*Assumptions!$B$4*F162+Assumptions!$B$7*G162+H162+I162 -> 160.5 | L162: =D162+3*Assumptions!$B$5*F162+Assumptions!$B$8*G162+H162+I162 -> 303.5 | M162: =E162+3*Assumptions!$B$6*F162+Assumptions!$B$9*G162+H162+I162 -> 667 | N162: =IF(AND(Assumptions!$B$17,ISNUMBER(J162)),Assumptions!$B$10*Assumptions!$B$13*J162,0) -> 9 | O162: =IF(AND(Assumptions!$B$17,ISNUMBER(J162)),Assumptions!$B$11*Assumptions!$B$13*J162,0) -> 18 | P162: =IF(AND(Assumptions!$B$17,ISNUMBER(J162)),Assumptions!$B$12*Assumptions!$B$13*J162,0) -> 27 | Q162: =IF(Assumptions!$B$18,Assumptions!$B$14*K162,0) -> 16.05 | R162: =IF(Assumptions!$B$18,Assumptions!$B$15*L162,0) -> 60.7 | S162: =IF(Assumptions!$B$18,Assumptions!$B$16*M162,0) -> 233.45 | T162: =K162+N162+Q162 -> 185.55 | U162: =L162+O162+R162 -> 382.2 | V162: =M162+P162+S162 -> 927.45 | W162: 85 | X162: 200 | Y162: 550 | Z162: =U162-X162 -> 182.2 | AA162: =IFERROR((U162-X162)/X162,"") -> 0.911 | AB162: =IF(ISNUMBER(AA162),IF(ABS(AA162)>Assumptions!$B$19,"REVIEW",""),"") -> REVIEW
A163: Minsk | C163: 35 | D163: 75 | E163: 150 | F163: 15 | G163: 5 | H163: 2.5 | I163: 0.7 | J163: 2 | K163: =C163+3*Assumptions!$B$4*F163+Assumptions!$B$7*G163+H163+I163 -> 88.2 | L163: =D163+3*Assumptions!$B$5*F163+Assumptions!$B$8*G163+H163+I163 -> 169.2 | M163: =E163+3*Assumptions!$B$6*F163+Assumptions!$B$9*G163+H163+I163 -> 330.7 | N163: =IF(AND(Assumptions!$B$17,ISNUMBER(J163)),Assumptions!$B$10*Assumptions!$B$13*J163,0) -> 3 | O163: =IF(AND(Assumptions!$B$17,ISNUMBER(J163)),Assumptions!$B$11*Assumptions!$B$13*J163,0) -> 6 | P163: =IF(AND(Assumptions!$B$17,ISNUMBER(J163)),Assumptions!$B$12*Assumptions!$B$13*J163,0) -> 9 | Q163: =IF(Assumptions!$B$18,Assumptions!$B$14*K163,0) -> 8.82 | R163: =IF(Assumptions!$B$18,Assumptions!$B$15*L163,0) -> 33.84 | S163: =IF(Assumptions!$B$18,Assumptions!$B$16*M163,0) -> 115.745 | T163: =K163+N163+Q163 -> 100.02 | U163: =L163+O163+R163 -> 209.04 | V163: =M163+P163+S163 -> 455.445 | W163: 45 | X163: 110 | Y163: 320 | Z163: =U163-X163 -> 99.04 | AA163: =IFERROR((U163-X163)/X163,"") -> 0.90036364 | AB163: =IF(ISNUMBER(AA163),IF(ABS(AA163)>Assumptions!$B$19,"REVIEW",""),"") -> REVIEW
...
