Workbook

Sheet About
A1: Never Roam Alone — Master City List
A3: Generated | B3: July 7, 2026
A4: Visitor Score weights (change these to re-blend the score):
A5: Aviation hub weight | B5: 0.4 | C5: Flight-traffic rank of the busiest airport serving the city. Source: OpenTravelData ref_airport_pageranked.csv (flight schedules), July 2026, log-scaled so 1.0 = world #1 (Istanbul).
A6: Tourism index weight | B6: 0.4 | C6: 1.0 if the city appears on Euromonitor Top 100 City Destinations (via the site's 101 featured cities) or Mastercard Global Destination Cities Index Top 20 (2019, final edition).
A7: POI density weight | B7: 0.2 | C7: Hotel/hostel/attraction density from OpenStreetMap. Not filled yet — run poi-density.mjs on your Mac to fill it. Until then the score auto-renormalizes to 50/50 aviation/index.
A9: Inclusion criteria (any one): population ≥100,000 · national capital · population ≥20,000 with own commercial airport (IATA, scheduled service, city match or ≤10 km) · on a tourism index.
A10: City data: GeoNames (via all-the-cities). Airports: OurAirports, July 2026. Population figures are the latest in GeoNames and may lag official censuses.

Sheet Master List
A1: City | B1: Country | C1: Country Population | D1: ISO | E1: Admin | F1: Population | G1: Capital | H1: Main airport (IATA) | I1: Airport name | J1: Airport dist (km) | K1: All nearby airports | L1: Qualifies by | M1: Aviation score | N1: Index score | O1: POI score (pending) | P1: Visitor Score | Q1: Latitude | R1: Longitude
A2: Istanbul | B2: Türkiye | C2: 86092168 | D2: TR | E2: 34 | F2: 14804116 | H2: IST | I2: İstanbul Airport | J2: 34.3 | K2: IST | L2: 100k + pop + airport | M2: 1 | N2: 1 | P2: =IF(O2="",(About!$B$5*M2+About!$B$6*N2)/(About!$B$5+About!$B$6),About!$B$5*M2+About!$B$6*N2+About!$B$7*O2) | Q2: 41.0138 | R2: 28.9497
A3: Frankfurt am Main | B3: Germany | C3: 83497147 | D3: DE | E3: 05 | F3: 650000 | H3: FRA | I3: Frankfurt Main Airport | J3: 13.3 | K3: FRA | L3: 100k + pop + airport | M3: 0.963 | N3: 1 | P3: =IF(O3="",(About!$B$5*M3+About!$B$6*N3)/(About!$B$5+About!$B$6),About!$B$5*M3+About!$B$6*N3+About!$B$7*O3) | Q3: 50.1155 | R3: 8.6842
A4: London | B4: United Kingdom | C4: 69487000 | D4: GB | E4: ENG | F4: 7556900 | G4: Yes | H4: LHR | I4: London Heathrow Airport | J4: 23.5 | K4: LCY+LGW+LHR | L4: 100k + pop + capital + airport | M4: 0.954 | N4: 1 | P4: =IF(O4="",(About!$B$5*M4+About!$B$6*N4)/(About!$B$5+About!$B$6),About!$B$5*M4+About!$B$6*N4+About!$B$7*O4) | Q4: 51.5085 | R4: -0.1257
A5: New York City | B5: United States | C5: 341784857 | D5: US | E5: NY | F5: 8922483 | H5: JFK | I5: John F. Kennedy International Airport | J5: 20.8 | K5: EWR+JFK+JRA+LGA+NYS+TEB+TSS | L5: 100k + pop + airport | M5: 0.943 | N5: 1 | P5: =IF(O5="",(About!$B$5*M5+About!$B$6*N5)/(About!$B$5+About!$B$6),About!$B$5*M5+About!$B$6*N5+About!$B$7*O5) | Q5: 40.7143 | R5: -74.006
A6: Paris | B6: France | C6: 69081996 | D6: FR | E6: 11 | F6: 4666813 | G6: Yes | H6: CDG | I6: Charles de Gaulle International Airport | J6: 22.9 | K6: CDG+LBG+ORY | L6: 100k + pop + capital + airport | M6: 0.938 | N6: 1 | P6: =IF(O6="",(About!$B$5*M6+About!$B$6*N6)/(About!$B$5+About!$B$6),About!$B$5*M6+About!$B$6*N6+About!$B$7*O6) | Q6: 48.8534 | R6: 2.3488
A7: Marne-la-Vallée | B7: France | C7: 69081996 | D7: FR | E7: 11 | F7: 320000 | K7: CDG | L7: index | M7: 0.938 | N7: 1 | P7: =IF(O7="",(About!$B$5*M7+About!$B$6*N7)/(About!$B$5+About!$B$6),About!$B$5*M7+About!$B$6*N7+About!$B$7*O7) | Q7: 48.8547 | R7: 2.7744
A8: Los Angeles | B8: United States | C8: 341784857 | D8: US | E8: CA | F8: 3971883 | H8: LAX | I8: Los Angeles International Airport | J8: 19.5 | K8: BUR+HHR+LAX | L8: 100k + pop + airport | M8: 0.932 | N8: 1 | P8: =IF(O8="",(About!$B$5*M8+About!$B$6*N8)/(About!$B$5+About!$B$6),About!$B$5*M8+About!$B$6*N8+About!$B$7*O8) | Q8: 34.0522 | R8: -118.2437
A9: Amsterdam | B9: Netherlands | C9: 18147273 | D9: NL | E9: 07 | F9: 741636 | G9: Yes | H9: AMS | I9: Amsterdam Airport Schiphol | J9: 11.2 | K9: AMS | L9: 100k + pop + capital + airport | M9: 0.931 | N9: 1 | P9: =IF(O9="",(About!$B$5*M9+About!$B$6*N9)/(About!$B$5+About!$B$6),About!$B$5*M9+About!$B$6*N9+About!$B$7*O9) | Q9: 52.374 | R9: 4.8897
A10: San Francisco | B10: United States | C10: 341784857 | D10: US | E10: CA | F10: 864816 | H10: SFO | I10: San Francisco International Airport | J10: 17.7 | K10: OAK+SFO | L10: 100k + pop + airport | M10: 0.92 | N10: 1 | P10: =IF(O10="",(About!$B$5*M10+About!$B$6*N10)/(About!$B$5+About!$B$6),About!$B$5*M10+About!$B$6*N10+About!$B$7*O10) | Q10: 37.7749 | R10: -122.4194
A11: Tokyo | B11: Japan | C11: 122810000 | D11: JP | E11: 40 | F11: 15674774 | G11: Yes | H11: HND | I11: Tokyo Haneda International Airport | J11: 17.8 | K11: HND | L11: 100k + pop + capital + airport | M11: 0.908 | N11: 1 | P11: =IF(O11="",(About!$B$5*M11+About!$B$6*N11)/(About!$B$5+About!$B$6),About!$B$5*M11+About!$B$6*N11+About!$B$7*O11) | Q11: 35.6895 | R11: 139.6917
A12: Sydney | B12: Australia | C12: 27724744 | D12: AU | E12: 02 | F12: 4627345 | H12: SYD | I12: Sydney Kingsford Smith International Airport | J12: 9.1 | K12: LBH+SYD+WSI | L12: 100k + pop + airport | M12: 0.909 | N12: 1 | P12: =IF(O12="",(About!$B$5*M12+About!$B$6*N12)/(About!$B$5+About!$B$6),About!$B$5*M12+About!$B$6*N12+About!$B$7*O12) | Q12: -33.8678 | R12: 151.2073
A13: Las Vegas | B13: United States | C13: 341784857 | D13: US | E13: NV | F13: 846914 | H13: LAS | I13: Harry Reid International Airport | J13: 10.3 | K13: LAS | L13: 100k + pop + airport | M13: 0.905 | N13: 1 | P13: =IF(O13="",(About!$B$5*M13+About!$B$6*N13)/(About!$B$5+About!$B$6),About!$B$5*M13+About!$B$6*N13+About!$B$7*O13) | Q13: 36.175 | R13: -115.1372
A14: Dubai | B14: UAE | C14: 11294243 | D14: AE | E14: 03 | F14: 2956587 | H14: DXB | I14: Dubai International Airport | J14: 20.2 | K14: DWC+DXB | L14: 100k + pop + airport | M14: 0.904 | N14: 1 | P14: =IF(O14="",(About!$B$5*M14+About!$B$6*N14)/(About!$B$5+About!$B$6),About!$B$5*M14+About!$B$6*N14+About!$B$7*O14) | Q14: 25.0772 | R14: 55.3093
A15: Sharjah | B15: UAE | C15: 11294243 | D15: AE | E15: 06 | F15: 1324473 | H15: DXB | I15: Dubai International Airport | J15: 10.6 | K15: DXB+SHJ | L15: 100k + pop + airport | M15: 0.904 | N15: 1 | P15: =IF(O15="",(About!$B$5*M15+About!$B$6*N15)/(About!$B$5+About!$B$6),About!$B$5*M15+About!$B$6*N15+About!$B$7*O15) | Q15: 25.3374 | R15: 55.4121
A16: Vienna | B16: Austria | C16: 9220882 | D16: AT | E16: 09 | F16: 1691468 | G16: Yes | H16: VIE | I16: Vienna International Airport | J16: 18.3 | K16: VIE | L16: 100k + pop + capital + airport | M16: 0.899 | N16: 1 | P16: =IF(O16="",(About!$B$5*M16+About!$B$6*N16)/(About!$B$5+About!$B$6),About!$B$5*M16+About!$B$6*N16+About!$B$7*O16) | Q16: 48.2085 | R16: 16.3721
A17: São Paulo | B17: Brazil | C17: 213421037 | D17: BR | E17: 27 | F17: 15627353 | H17: GRU | I17: São Paulo/Guarulhos–Governor André Franco Montoro International Airport | J17: 21.3 | K17: CGH+GRU | L17: 100k + pop + airport | M17: 0.899 | N17: 1 | P17: =IF(O17="",(About!$B$5*M17+About!$B$6*N17)/(About!$B$5+About!$B$6),About!$B$5*M17+About!$B$6*N17+About!$B$7*O17) | Q17: -23.5475 | R17: -46.6361
A18: Doha | B18: Qatar | C18: 3214609 | D18: QA | E18: 01 | F18: 344939 | G18: Yes | H18: DOH | I18: Hamad International Airport | J18: 7.9 | K18: DIA+DOH | L18: 100k + pop + capital + airport | M18: 0.895 | N18: 1 | P18: =IF(O18="",(About!$B$5*M18+About!$B$6*N18)/(About!$B$5+About!$B$6),About!$B$5*M18+About!$B$6*N18+About!$B$7*O18) | Q18: 25.2855 | R18: 51.531
A19: Toronto | B19: Canada | C19: 41472081 | D19: CA | E19: 08 | F19: 2600000 | H19: YYZ | I19: Toronto Pearson International Airport | J19: 17.3 | K19: YTZ+YYZ | L19: 100k + pop + airport | M19: 0.889 | N19: 1 | P19: =IF(O19="",(About!$B$5*M19+About!$B$6*N19)/(About!$B$5+About!$B$6),About!$B$5*M19+About!$B$6*N19+About!$B$7*O19) | Q19: 43.7001 | R19: -79.4163
A20: Barcelona | B20: Spain | C20: 49687120 | D20: ES | E20: 56 | F20: 3161012 | H20: BCN | I20: Josep Tarradellas Barcelona-El Prat Airport | J20: 12.2 | K20: BCN | L20: 100k + pop + airport | M20: 0.889 | N20: 1 | P20: =IF(O20="",(About!$B$5*M20+About!$B$6*N20)/(About!$B$5+About!$B$6),About!$B$5*M20+About!$B$6*N20+About!$B$7*O20) | Q20: 41.3888 | R20: 2.159
A21: Munich | B21: Germany | C21: 83497147 | D21: DE | E21: 02 | F21: 1260391 | H21: MUC | I21: Munich Airport | J21: 28.7 | K21: MUC | L21: 100k + pop + airport | M21: 0.886 | N21: 1 | P21: =IF(O21="",(About!$B$5*M21+About!$B$6*N21)/(About!$B$5+About!$B$6),About!$B$5*M21+About!$B$6*N21+About!$B$7*O21) | Q21: 48.1374 | R21: 11.5755
A22: Bangkok | B22: Thailand | C22: 65826149 | D22: TH | E22: 40 | F22: 5104476 | G22: Yes | H22: BKK | I22: Suvarnabhumi Airport | J22: 27.7 | K22: BKK+DMK | L22: 100k + pop + capital + airport | M22: 0.879 | N22: 1 | P22: =IF(O22="",(About!$B$5*M22+About!$B$6*N22)/(About!$B$5+About!$B$6),About!$B$5*M22+About!$B$6*N22+About!$B$7*O22) | Q22: 13.754 | R22: 100.5014
A23: Brussels | B23: Belgium | C23: 11933850 | D23: BE | E23: BRU | F23: 1019022 | G23: Yes | H23: BRU | I23: Brussels Airport | J23: 11.1 | K23: BRU | L23: 100k + pop + capital | M23: 0.879 | N23: 1 | P23: =IF(O23="",(About!$B$5*M23+About!$B$6*N23)/(About!$B$5+About!$B$6),About!$B$5*M23+About!$B$6*N23+About!$B$7*O23) | Q23: 50.8505 | R23: 4.3488
A24: Madrid | B24: Spain | C24: 49687120 | D24: ES | E24: 29 | F24: 4729915 | G24: Yes | H24: MAD | I24: Adolfo Suárez Madrid–Barajas Airport | J24: 14 | K24: MAD | L24: 100k + pop + capital + airport | M24: 0.874 | N24: 1 | P24: =IF(O24="",(About!$B$5*M24+About!$B$6*N24)/(About!$B$5+About!$B$6),About!$B$5*M24+About!$B$6*N24+About!$B$7*O24) | Q24: 40.4165 | R24: -3.7026
A25: Vancouver | B25: Canada | C25: 41472081 | D25: CA | E25: 02 | F25: 600000 | H25: YVR | I25: Vancouver International Airport | J25: 7.8 | K25: CXH+YVR | L25: 100k + pop + airport | M25: 0.873 | N25: 1 | P25: =IF(O25="",(About!$B$5*M25+About!$B$6*N25)/(About!$B$5+About!$B$6),About!$B$5*M25+About!$B$6*N25+About!$B$7*O25) | Q25: 49.2497 | R25: -123.1193
A26: Shanghai | B26: China | C26: 1404890000 | D26: CN | E26: 23 | F26: 22315474 | H26: SHA | I26: Shanghai Hongqiao International Airport | J26: 12.1 | K26: SHA | L26: 100k + pop | M26: 0.871 | N26: 1 | P26: =IF(O26="",(About!$B$5*M26+About!$B$6*N26)/(About!$B$5+About!$B$6),About!$B$5*M26+About!$B$6*N26+About!$B$7*O26) | Q26: 31.2222 | R26: 121.4581
A27: Delhi | B27: India | C27: 1417492000 | D27: IN | E27: 07 | F27: 13935222 | H27: DEL | I27: Indira Gandhi International Airport | J27: 17.1 | K27: DEL+HDO | L27: 100k + pop | M27: 0.872 | N27: 1 | P27: =IF(O27="",(About!$B$5*M27+About!$B$6*N27)/(About!$B$5+About!$B$6),About!$B$5*M27+About!$B$6*N27+About!$B$7*O27) | Q27: 28.6519 | R27: 77.2315
A28: Miami | B28: United States | C28: 341784857 | D28: US | E28: FL | F28: 441003 | H28: MIA | I28: Miami International Airport | J28: 9.9 | K28: MIA+OPF | L28: 100k + pop + airport | M28: 0.872 | N28: 1 | P28: =IF(O28="",(About!$B$5*M28+About!$B$6*N28)/(About!$B$5+About!$B$6),About!$B$5*M28+About!$B$6*N28+About!$B$7*O28) | Q28: 25.7743 | R28: -80.1937
A29: Zürich | B29: Switzerland | C29: 9124288 | D29: CH | E29: ZH | F29: 341730 | H29: ZRH | I29: Zürich Airport | J29: 10.2 | K29: ZRH | L29: 100k + pop + airport | M29: 0.873 | N29: 1 | P29: =IF(O29="",(About!$B$5*M29+About!$B$6*N29)/(About!$B$5+About!$B$6),About!$B$5*M29+About!$B$6*N29+About!$B$7*O29) | Q29: 47.3667 | R29: 8.55
A30: Buenos Aires | B30: Argentina | C30: 46387098 | D30: AR | E30: 07 | F30: 13076300 | G30: Yes | H30: AEP | I30: Aeroparque Jorge Newbery | J30: 6.9 | K30: AEP | L30: 100k + pop + capital + airport | M30: 0.87 | N30: 1 | P30: =IF(O30="",(About!$B$5*M30+About!$B$6*N30)/(About!$B$5+About!$B$6),About!$B$5*M30+About!$B$6*N30+About!$B$7*O30) | Q30: -34.6131 | R30: -58.3772
A31: Orlando | B31: United States | C31: 341784857 | D31: US | E31: FL | F31: 270934 | H31: MCO | I31: Orlando International Airport | J31: 13.9 | K31: MCO+SFB | L31: 100k + pop + airport | M31: 0.867 | N31: 1 | P31: =IF(O31="",(About!$B$5*M31+About!$B$6*N31)/(About!$B$5+About!$B$6),About!$B$5*M31+About!$B$6*N31+About!$B$7*O31) | Q31: 28.5383 | R31: -81.3792
A32: Mexico City | B32: Mexico | C32: 131150866 | D32: MX | E32: 09 | F32: 20711221 | G32: Yes | H32: MEX | I32: Mexico City Benito Juárez International Airport | J32: 6.1 | K32: MEX+NLU | L32: 100k + pop + capital + airport | M32: 0.865 | N32: 1 | P32: =IF(O32="",(About!$B$5*M32+About!$B$6*N32)/(About!$B$5+About!$B$6),About!$B$5*M32+About!$B$6*N32+About!$B$7*O32) | Q32: 19.4285 | R32: -99.1277
A33: Melbourne | B33: Australia | C33: 27724744 | D33: AU | E33: 07 | F33: 4246375 | H33: MEL | I33: Melbourne Airport | J33: 19.4 | K33: MBW+MEB+MEL | L33: 100k + pop + airport | M33: 0.861 | N33: 1 | P33: =IF(O33="",(About!$B$5*M33+About!$B$6*N33)/(About!$B$5+About!$B$6),About!$B$5*M33+About!$B$6*N33+About!$B$7*O33) | Q33: -37.814 | R33: 144.9633
A34: Beijing | B34: China | C34: 1404890000 | D34: CN | E34: 22 | F34: 11716620 | G34: Yes | H34: PEK | I34: Beijing Capital International Airport | J34: 25.4 | K34: PEK+PKX | L34: 100k + pop + capital + airport | M34: 0.854 | N34: 1 | P34: =IF(O34="",(About!$B$5*M34+About!$B$6*N34)/(About!$B$5+About!$B$6),About!$B$5*M34+About!$B$6*N34+About!$B$7*O34) | Q34: 39.9075 | R34: 116.3972
A35: Washington, D.C. | B35: United States | C35: 341784857 | D35: US | E35: DC | F35: 601723 | G35: Yes | H35: DCA | I35: Ronald Reagan Washington National Airport | J35: 4.8 | K35: DCA | L35: 100k + pop + capital + airport | M35: 0.851 | N35: 1 | P35: =IF(O35="",(About!$B$5*M35+About!$B$6*N35)/(About!$B$5+About!$B$6),About!$B$5*M35+About!$B$6*N35+About!$B$7*O35) | Q35: 38.8951 | R35: -77.0364
A36: Singapore | B36: Singapore | C36: 6110200 | D36: SG | E36: 01 | F36: 3547809 | G36: Yes | H36: SIN | I36: Singapore Changi Airport | J36: 17.4 | K36: SIN+XSP | L36: 100k + pop + capital + airport | M36: 0.847 | N36: 1 | P36: =IF(O36="",(About!$B$5*M36+About!$B$6*N36)/(About!$B$5+About!$B$6),About!$B$5*M36+About!$B$6*N36+About!$B$7*O36) | Q36: 1.2897 | R36: 103.8501
A37: Montréal | B37: Canada | C37: 41472081 | D37: CA | E37: 10 | F37: 1600000 | H37: YUL | I37: Montreal / Pierre Elliott Trudeau International Airport | J37: 12.9 | K37: YHU+YMX+YUL | L37: 100k + pop + airport | M37: 0.849 | N37: 1 | P37: =IF(O37="",(About!$B$5*M37+About!$B$6*N37)/(About!$B$5+About!$B$6),About!$B$5*M37+About!$B$6*N37+About!$B$7*O37) | Q37: 45.5088 | R37: -73.5878
A38: Shenzhen | B38: China | C38: 1404890000 | D38: CN | E38: 30 | F38: 10358381 | H38: SZX | I38: Shenzhen Bao'an International Airport | J38: 29.1 | K38: SZX | L38: 100k + pop + airport | M38: 0.846 | N38: 1 | P38: =IF(O38="",(About!$B$5*M38+About!$B$6*N38)/(About!$B$5+About!$B$6),About!$B$5*M38+About!$B$6*N38+About!$B$7*O38) | Q38: 22.5455 | R38: 114.0683
A39: Rome | B39: Italy | C39: 58932330 | D39: IT | E39: 07 | F39: 2562213 | G39: Yes | H39: FCO | I39: Rome–Fiumicino Leonardo da Vinci International Airport | J39: 23.6 | K39: CIA+FCO | L39: 100k + pop + capital + airport | M39: 0.838 | N39: 1 | P39: =IF(O39="",(About!$B$5*M39+About!$B$6*N39)/(About!$B$5+About!$B$6),About!$B$5*M39+About!$B$6*N39+About!$B$7*O39) | Q39: 41.8919 | R39: 12.5113
A40: Santiago | B40: Chile | C40: 20206953 | D40: CL | E40: 12 | F40: 4837295 | G40: Yes | H40: SCL | I40: Comodoro Arturo Merino Benítez International Airport | J40: 14.6 | K40: SCL | L40: 100k + pop + capital + airport | M40: 0.836 | N40: 1 | P40: =IF(O40="",(About!$B$5*M40+About!$B$6*N40)/(About!$B$5+About!$B$6),About!$B$5*M40+About!$B$6*N40+About!$B$7*O40) | Q40: -33.4569 | R40: -70.6483
A41: Stockholm | B41: Sweden | C41: 10604616 | D41: SE | E41: 26 | F41: 1515017 | G41: Yes | H41: ARN | I41: Stockholm-Arlanda Airport | J41: 36.4 | K41: ARN+BMA | L41: 100k + pop + capital + airport | M41: 0.834 | N41: 1 | P41: =IF(O41="",(About!$B$5*M41+About!$B$6*N41)/(About!$B$5+About!$B$6),About!$B$5*M41+About!$B$6*N41+About!$B$7*O41) | Q41: 59.3294 | R41: 18.0687
A42: Berlin | B42: Germany | C42: 83497147 | D42: DE | E42: 16 | F42: 3426354 | G42: Yes | H42: BER | I42: Berlin Brandenburg Airport | J42: 19.1 | K42: BER | L42: 100k + pop + capital + airport | M42: 0.83 | N42: 1 | P42: =IF(O42="",(About!$B$5*M42+About!$B$6*N42)/(About!$B$5+About!$B$6),About!$B$5*M42+About!$B$6*N42+About!$B$7*O42) | Q42: 52.5244 | R42: 13.4105
A43: Lima | B43: Peru | C43: 34350244 | D43: PE | E43: LMA | F43: 8550266 | G43: Yes | H43: LIM | I43: Jorge Chávez International Airport | J43: 9.7 | K43: LIM | L43: 100k + pop + capital + airport | M43: 0.825 | N43: 1 | P43: =IF(O43="",(About!$B$5*M43+About!$B$6*N43)/(About!$B$5+About!$B$6),About!$B$5*M43+About!$B$6*N43+About!$B$7*O43) | Q43: -12.0432 | R43: -77.0282
A44: Helsinki | B44: Finland | C44: 5650152 | D44: FI | E44: 01 | F44: 558457 | G44: Yes | H44: HEL | I44: Helsinki Vantaa Airport | J44: 16.6 | K44: HEL | L44: 100k + pop + capital | M44: 0.823 | N44: 1 | P44: =IF(O44="",(About!$B$5*M44+About!$B$6*N44)/(About!$B$5+About!$B$6),About!$B$5*M44+About!$B$6*N44+About!$B$7*O44) | Q44: 60.1695 | R44: 24.9354
A45: Cairo | B45: Egypt | C45: 108613296 | D45: EG | E45: 11 | F45: 10177817 | G45: Yes | H45: CAI | I45: Cairo International Airport | J45: 15.2 | K45: CAI | L45: 100k + pop + capital + airport | M45: 0.82 | N45: 1 | P45: =IF(O45="",(About!$B$5*M45+About!$B$6*N45)/(About!$B$5+About!$B$6),About!$B$5*M45+About!$B$6*N45+About!$B$7*O45) | Q45: 30.0626 | R45: 31.2497
A46: Athens | B46: Greece | C46: 10372335 | D46: GR | E46: ESYE31 | F46: 664046 | G46: Yes | H46: ATH | I46: Athens Eleftherios Venizelos International Airport | J46: 19.7 | K46: ATH | L46: 100k + pop + capital | M46: 0.82 | N46: 1 | P46: =IF(O46="",(About!$B$5*M46+About!$B$6*N46)/(About!$B$5+About!$B$6),About!$B$5*M46+About!$B$6*N46+About!$B$7*O46) | Q46: 37.9838 | R46: 23.7278
A47: Lisbon | B47: Portugal | C47: 10749635 | D47: PT | E47: 14 | F47: 517802 | G47: Yes | H47: LIS | I47: Lisbon Humberto Delgado Airport | J47: 7.2 | K47: CAT+LIS | L47: 100k + pop + capital + airport | M47: 0.819 | N47: 1 | P47: =IF(O47="",(About!$B$5*M47+About!$B$6*N47)/(About!$B$5+About!$B$6),About!$B$5*M47+About!$B$6*N47+About!$B$7*O47) | Q47: 38.7167 | R47: -9.1333
A48: Hong Kong | B48: Hong Kong (SAR) | C48: 7510800 | D48: HK | E48: HCW | F48: 7012738 | G48: Yes | H48: HKG | I48: Hong Kong International Airport | J48: 27 | K48: HHP+HKG | L48: 100k + pop + capital + airport | M48: 0.817 | N48: 1 | P48: =IF(O48="",(About!$B$5*M48+About!$B$6*N48)/(About!$B$5+About!$B$6),About!$B$5*M48+About!$B$6*N48+About!$B$7*O48) | Q48: 22.2783 | R48: 114.1747
A49: Warsaw | B49: Poland | C49: 37281000 | D49: PL | E49: 78 | F49: 1702139 | G49: Yes | H49: WAW | I49: Warsaw Chopin Airport | J49: 7.7 | K49: WAW | L49: 100k + pop + capital + airport | M49: 0.817 | N49: 1 | P49: =IF(O49="",(About!$B$5*M49+About!$B$6*N49)/(About!$B$5+About!$B$6),About!$B$5*M49+About!$B$6*N49+About!$B$7*O49) | Q49: 52.2298 | R49: 21.0118
A50: Cancún | B50: Mexico | C50: 131150866 | D50: MX | E50: 23 | F50: 628306 | H50: CUN | I50: Cancún International Airport | J50: 15.1 | K50: CUN | L50: 100k + pop + airport | M50: 0.817 | N50: 1 | P50: =IF(O50="",(About!$B$5*M50+About!$B$6*N50)/(About!$B$5+About!$B$6),About!$B$5*M50+About!$B$6*N50+About!$B$7*O50) | Q50: 21.1743 | R50: -86.8466
A51: Seoul | B51: South Korea | C51: 51111158 | D51: KR | E51: 11 | F51: 17734238 | G51: Yes | H51: ICN | I51: Incheon International Airport | J51: 47.7 | K51: GMP+ICN | L51: 100k + pop + capital + airport | M51: 0.814 | N51: 1 | P51: =IF(O51="",(About!$B$5*M51+About!$B$6*N51)/(About!$B$5+About!$B$6),About!$B$5*M51+About!$B$6*N51+About!$B$7*O51) | Q51: 37.566 | R51: 126.9784
A52: Abu Dhabi | B52: UAE | C52: 11294243 | D52: AE | E52: 01 | F52: 603492 | G52: Yes | H52: AUH | I52: Zayed International Airport | J52: 25.6 | K52: AUH | L52: 100k + pop + capital + airport | M52: 0.81 | N52: 1 | P52: =IF(O52="",(About!$B$5*M52+About!$B$6*N52)/(About!$B$5+About!$B$6),About!$B$5*M52+About!$B$6*N52+About!$B$7*O52) | Q52: 24.4512 | R52: 54.397
A53: Ho Chi Minh City | B53: Vietnam | C53: 102300000 | D53: VN | E53: 20 | F53: 3467331 | H53: SGN | I53: Tan Son Nhat International Airport | J53: 2.5 | K53: SGN | L53: 100k + pop + airport | M53: 0.807 | N53: 1 | P53: =IF(O53="",(About!$B$5*M53+About!$B$6*N53)/(About!$B$5+About!$B$6),About!$B$5*M53+About!$B$6*N53+About!$B$7*O53) | Q53: 10.823 | R53: 106.6296
A54: Copenhagen | B54: Denmark | C54: 6031247 | D54: DK | E54: 17 | F54: 1153615 | G54: Yes | H54: CPH | I54: Copenhagen Kastrup Airport | J54: 8.6 | K54: CPH | L54: 100k + pop + capital + airport | M54: 0.798 | N54: 1 | P54: =IF(O54="",(About!$B$5*M54+About!$B$6*N54)/(About!$B$5+About!$B$6),About!$B$5*M54+About!$B$6*N54+About!$B$7*O54) | Q54: 55.6759 | R54: 12.5655
A55: Honolulu | B55: United States | C55: 341784857 | D55: US | E55: HI | F55: 371657 | H55: HNL | I55: Daniel K. Inouye International Airport | J55: 7.1 | K55: HNL | L55: 100k + pop + airport | M55: 0.793 | N55: 1 | P55: =IF(O55="",(About!$B$5*M55+About!$B$6*N55)/(About!$B$5+About!$B$6),About!$B$5*M55+About!$B$6*N55+About!$B$7*O55) | Q55: 21.3069 | R55: -157.8583
A56: Riyadh | B56: Saudi Arabia | C56: 35300280 | D56: SA | E56: 10 | F56: 4205961 | G56: Yes | H56: RUH | I56: King Khalid International Airport | J56: 30.1 | K56: RUH | L56: 100k + pop + capital + airport | M56: 0.792 | N56: 1 | P56: =IF(O56="",(About!$B$5*M56+About!$B$6*N56)/(About!$B$5+About!$B$6),About!$B$5*M56+About!$B$6*N56+About!$B$7*O56) | Q56: 24.6877 | R56: 46.7219
A57: Fukuoka | B57: Japan | C57: 122810000 | D57: JP | E57: 07 | F57: 1392289 | H57: FUK | I57: Fukuoka Airport | J57: 3.5 | K57: FUK | L57: 100k + pop + airport | M57: 0.789 | N57: 1 | P57: =IF(O57="",(About!$B$5*M57+About!$B$6*N57)/(About!$B$5+About!$B$6),About!$B$5*M57+About!$B$6*N57+About!$B$7*O57) | Q57: 33.6 | R57: 130.4167
A58: Dublin | B58: Ireland | C58: 5458600 | D58: IE | E58: L | F58: 1024027 | G58: Yes | H58: DUB | I58: Dublin Airport | J58: 10.7 | K58: DUB | L58: 100k + pop + capital + airport | M58: 0.781 | N58: 1 | P58: =IF(O58="",(About!$B$5*M58+About!$B$6*N58)/(About!$B$5+About!$B$6),About!$B$5*M58+About!$B$6*N58+About!$B$7*O58) | Q58: 53.3331 | R58: -6.2489
A59: Osaka | B59: Japan | C59: 122810000 | D59: JP | E59: 32 | F59: 7880677 | H59: ITM | I59: Osaka Itami International Airport | J59: 11.2 | K59: ITM+KIX | L59: 100k + pop + airport | M59: 0.774 | N59: 1 | P59: =IF(O59="",(About!$B$5*M59+About!$B$6*N59)/(About!$B$5+About!$B$6),About!$B$5*M59+About!$B$6*N59+About!$B$7*O59) | Q59: 34.6937 | R59: 135.5022
A60: Denpasar | B60: Indonesia | C60: 288315089 | D60: ID | E60: 02 | F60: 834881 | H60: DPS | I60: Denpasar I Gusti Ngurah Rai International Airport | J60: 12.2 | K60: DPS | L60: 100k + pop | M60: 0.773 | N60: 1 | P60: =IF(O60="",(About!$B$5*M60+About!$B$6*N60)/(About!$B$5+About!$B$6),About!$B$5*M60+About!$B$6*N60+About!$B$7*O60) | Q60: -8.65 | R60: 115.2167
A61: Bologna | B61: Italy | C61: 58932330 | D61: IT | E61: 05 | F61: 399922 | H61: BLQ | I61: Bologna Guglielmo Marconi Airport | J61: 6.1 | K61: BLQ | L61: 100k + pop + airport | M61: 0.773 | N61: 1 | P61: =IF(O61="",(About!$B$5*M61+About!$B$6*N61)/(About!$B$5+About!$B$6),About!$B$5*M61+About!$B$6*N61+About!$B$7*O61) | Q61: 44.4938 | R61: 11.3387
A62: Rio de Janeiro | B62: Brazil | C62: 213421037 | D62: BR | E62: 21 | F62: 8366710 | H62: GIG | I62: Rio Galeão – Tom Jobim International Airport | J62: 12.8 | K62: GIG+RRJ+SDU | L62: 100k + pop + airport | M62: 0.769 | N62: 1 | P62: =IF(O62="",(About!$B$5*M62+About!$B$6*N62)/(About!$B$5+About!$B$6),About!$B$5*M62+About!$B$6*N62+About!$B$7*O62) | Q62: -22.9064 | R62: -43.1822
A63: Prague | B63: Czechia | C63: 10915839 | D63: CZ | E63: 52 | F63: 1165581 | G63: Yes | H63: PRG | I63: Václav Havel Airport Prague | J63: 11.6 | K63: PRG | L63: 100k + pop + capital + airport | M63: 0.771 | N63: 1 | P63: =IF(O63="",(About!$B$5*M63+About!$B$6*N63)/(About!$B$5+About!$B$6),About!$B$5*M63+About!$B$6*N63+About!$B$7*O63) | Q63: 50.088 | R63: 14.4208
A64: Milan | B64: Italy | C64: 58932330 | D64: IT | E64: 09 | F64: 1553219 | H64: LIN | I64: Milano Linate Airport | J64: 7.1 | K64: LIN | L64: 100k + pop + airport | M64: 0.765 | N64: 1 | P64: =IF(O64="",(About!$B$5*M64+About!$B$6*N64)/(About!$B$5+About!$B$6),About!$B$5*M64+About!$B$6*N64+About!$B$7*O64) | Q64: 45.4643 | R64: 9.1895
A65: Edinburgh | B65: United Kingdom | C65: 69487000 | D65: GB | E65: SCT | F65: 464990 | H65: EDI | I65: Edinburgh Airport | J65: 10.9 | K65: EDI | L65: 100k + pop + airport | M65: 0.766 | N65: 1 | P65: =IF(O65="",(About!$B$5*M65+About!$B$6*N65)/(About!$B$5+About!$B$6),About!$B$5*M65+About!$B$6*N65+About!$B$7*O65) | Q65: 55.9521 | R65: -3.1965
A66: Hanoi | B66: Vietnam | C66: 102300000 | D66: VN | E66: 44 | F66: 1431270 | G66: Yes | H66: HAN | I66: Noi Bai International Airport | J66: 22.2 | K66: HAN | L66: 100k + pop + capital | M66: 0.757 | N66: 1 | P66: =IF(O66="",(About!$B$5*M66+About!$B$6*N66)/(About!$B$5+About!$B$6),About!$B$5*M66+About!$B$6*N66+About!$B$7*O66) | Q66: 21.0245 | R66: 105.8412
A67: Tel Aviv | B67: Israel | C67: 10244000 | D67: IL | E67: 05 | F67: 432892 | H67: TLV | I67: Ben Gurion International Airport | J67: 12.6 | K67: TLV | L67: 100k + pop + airport | M67: 0.755 | N67: 1 | P67: =IF(O67="",(About!$B$5*M67+About!$B$6*N67)/(About!$B$5+About!$B$6),About!$B$5*M67+About!$B$6*N67+About!$B$7*O67) | Q67: 32.0809 | R67: 34.7806
A68: Palma | B68: Spain | C68: 49687120 | D68: ES | E68: 07 | F68: 401270 | H68: PMI | I68: Palma de Mallorca Airport | J68: 7.8 | K68: PMI | L68: 100k + pop + airport | M68: 0.755 | N68: 1 | P68: =IF(O68="",(About!$B$5*M68+About!$B$6*N68)/(About!$B$5+About!$B$6),About!$B$5*M68+About!$B$6*N68+About!$B$7*O68) | Q68: 39.5694 | R68: 2.6502
A69: Cape Town | B69: South Africa | C69: 63100945 | D69: ZA | E69: 11 | F69: 3433441 | H69: CPT | I69: Cape Town International Airport | J69: 17.5 | K69: CPT | L69: 100k + pop + airport | M69: 0.749 | N69: 1 | P69: =IF(O69="",(About!$B$5*M69+About!$B$6*N69)/(About!$B$5+About!$B$6),About!$B$5*M69+About!$B$6*N69+About!$B$7*O69) | Q69: -33.9258 | R69: 18.4232
A70: Budapest | B70: Hungary | C70: 9489000 | D70: HU | E70: 05 | F70: 1741041 | G70: Yes | H70: BUD | I70: Budapest Liszt Ferenc International Airport | J70: 18.3 | K70: BUD | L70: 100k + pop + capital + airport | M70: 0.75 | N70: 1 | P70: =IF(O70="",(About!$B$5*M70+About!$B$6*N70)/(About!$B$5+About!$B$6),About!$B$5*M70+About!$B$6*N70+About!$B$7*O70) | Q70: 47.4984 | R70: 19.0404
A71: Antalya | B71: Türkiye | C71: 86092168 | D71: TR | E71: 07 | F71: 758188 | H71: AYT | I71: Antalya International Airport | J71: 9.4 | K71: AYT | L71: 100k + pop + airport | M71: 0.75 | N71: 1 | P71: =IF(O71="",(About!$B$5*M71+About!$B$6*N71)/(About!$B$5+About!$B$6),About!$B$5*M71+About!$B$6*N71+About!$B$7*O71) | Q71: 36.9081 | R71: 30.6956
A72: Sapporo | B72: Japan | C72: 122810000 | D72: JP | E72: 12 | F72: 1883027 | H72: CTS | I72: New Chitose Airport | J72: 42.7 | K72: CTS+OKD | L72: 100k + pop + airport | M72: 0.745 | N72: 1 | P72: =IF(O72="",(About!$B$5*M72+About!$B$6*N72)/(About!$B$5+About!$B$6),About!$B$5*M72+About!$B$6*N72+About!$B$7*O72) | Q72: 43.0667 | R72: 141.35
A73: Nice | B73: France | C73: 69081996 | D73: FR | E73: 93 | F73: 338620 | H73: NCE | I73: Nice-Côte d'Azur Airport | J73: 6.4 | K73: MCM+NCE | L73: 100k + pop + airport | M73: 0.745 | N73: 1 | P73: =IF(O73="",(About!$B$5*M73+About!$B$6*N73)/(About!$B$5+About!$B$6),About!$B$5*M73+About!$B$6*N73+About!$B$7*O73) | Q73: 43.7031 | R73: 7.2661
A74: Busan | B74: South Korea | C74: 51111158 | D74: KR | E74: 10 | F74: 3678555 | H74: PUS | I74: Gimhae International Airport | J74: 12 | K74: PUS | L74: 100k + pop + airport | M74: 0.711 | N74: 1 | P74: =IF(O74="",(About!$B$5*M74+About!$B$6*N74)/(About!$B$5+About!$B$6),About!$B$5*M74+About!$B$6*N74+About!$B$7*O74) | Q74: 35.1017 | R74: 129.03
A75: Valencia | B75: Spain | C75: 49687120 | D75: ES | E75: 60 | F75: 814208 | H75: VLC | I75: Valencia Airport | J75: 9.1 | K75: VLC | L75: 100k + pop + airport | M75: 0.708 | N75: 1 | P75: =IF(O75="",(About!$B$5*M75+About!$B$6*N75)/(About!$B$5+About!$B$6),About!$B$5*M75+About!$B$6*N75+About!$B$7*O75) | Q75: 39.4697 | R75: -0.3774
A76: Verona | B76: Italy | C76: 58932330 | D76: IT | E76: 20 | F76: 219103 | H76: VRN | I76: Verona Villafranca Valerio Catullo Airport | J76: 8.5 | K76: VRN | L76: 100k + pop + airport | M76: 0.698 | N76: 1 | P76: =IF(O76="",(About!$B$5*M76+About!$B$6*N76)/(About!$B$5+About!$B$6),About!$B$5*M76+About!$B$6*N76+About!$B$7*O76) | Q76: 45.4299 | R76: 10.9844
A77: Macau | B77: Macau (SAR) | C77: 688100 | D77: MO | E77: 02 | F77: 520400 | G77: Yes | H77: MFM | I77: Macau International Airport | J77: 7.4 | K77: MFM | L77: 100k + pop + capital + airport | M77: 0.694 | N77: 1 | P77: =IF(O77="",(About!$B$5*M77+About!$B$6*N77)/(About!$B$5+About!$B$6),About!$B$5*M77+About!$B$6*N77+About!$B$7*O77) | Q77: 22.2006 | R77: 113.5461
A78: Zhuhai | B78: China | C78: 1404890000 | D78: CN | E78: 30 | F78: 501199 | H78: MFM | I78: Macau International Airport | J78: 14.4 | K78: MFM | L78: 100k + pop | M78: 0.694 | N78: 1 | P78: =IF(O78="",(About!$B$5*M78+About!$B$6*N78)/(About!$B$5+About!$B$6),About!$B$5*M78+About!$B$6*N78+About!$B$7*O78) | Q78: 22.2769 | R78: 113.5678
A79: Sevilla | B79: Spain | C79: 49687120 | D79: ES | E79: 51 | F79: 703206 | H79: SVQ | I79: Seville Airport | J79: 8.1 | K79: SVQ | L79: 100k + pop + airport | M79: 0.691 | N79: 1 | P79: =IF(O79="",(About!$B$5*M79+About!$B$6*N79)/(About!$B$5+About!$B$6),About!$B$5*M79+About!$B$6*N79+About!$B$7*O79) | Q79: 37.3828 | R79: -5.9732
A80: Punta Cana | B80: Dominican Republic | C80: 10771504 | D80: DO | E80: 10 | F80: 100023 | H80: PUJ | I80: Punta Cana International Airport | J80: 4.5 | K80: PUJ | L80: 100k + pop + airport | M80: 0.684 | N80: 1 | P80: =IF(O80="",(About!$B$5*M80+About!$B$6*N80)/(About!$B$5+About!$B$6),About!$B$5*M80+About!$B$6*N80+About!$B$7*O80) | Q80: 18.5818 | R80: -68.4043
A81: Taipei | B81: Taiwan | C81: 23262544 | D81: TW | E81: 04 | F81: 7871900 | G81: Yes | H81: TSA | I81: Taipei Songshan International Airport | J81: 3 | K81: TSA | L81: 100k + pop + capital + airport | M81: 0.679 | N81: 1 | P81: =IF(O81="",(About!$B$5*M81+About!$B$6*N81)/(About!$B$5+About!$B$6),About!$B$5*M81+About!$B$6*N81+About!$B$7*O81) | Q81: 25.0478 | R81: 121.5319
A82: Kraków | B82: Poland | C82: 37281000 | D82: PL | E82: 77 | F82: 755050 | H82: KRK | I82: Kraków John Paul II International Airport | J82: 11 | K82: KRK | L82: 100k + pop | M82: 0.677 | N82: 1 | P82: =IF(O82="",(About!$B$5*M82+About!$B$6*N82)/(About!$B$5+About!$B$6),About!$B$5*M82+About!$B$6*N82+About!$B$7*O82) | Q82: 50.0614 | R82: 19.9366
A83: Porto | B83: Portugal | C83: 10749635 | D83: PT | E83: 17 | F83: 249633 | H83: OPO | I83: Francisco de Sá Carneiro Airport | J83: 12.4 | K83: OPO | L83: 100k + pop + airport | M83: 0.676 | N83: 1 | P83: =IF(O83="",(About!$B$5*M83+About!$B$6*N83)/(About!$B$5+About!$B$6),About!$B$5*M83+About!$B$6*N83+About!$B$7*O83) | Q83: 41.1496 | R83: -8.611
A84: Vilnius | B84: Lithuania | C84: 2884324 | D84: LT | E84: 65 | F84: 542366 | G84: Yes | H84: VNO | I84: Vilnius International Airport | J84: 6.1 | K84: VNO | L84: 100k + pop + capital + airport | M84: 0.668 | N84: 1 | P84: =IF(O84="",(About!$B$5*M84+About!$B$6*N84)/(About!$B$5+About!$B$6),About!$B$5*M84+About!$B$6*N84+About!$B$7*O84) | Q84: 54.6892 | R84: 25.2798
A85: Kuala Lumpur | B85: Malaysia | C85: 34374300 | D85: MY | E85: 14 | F85: 3586630 | G85: Yes | H85: SZB | I85: Sultan Abdul Aziz Shah International Airport | J85: 15.3 | K85: SZB | L85: 100k + pop + capital | M85: 0.664 | N85: 1 | P85: =IF(O85="",(About!$B$5*M85+About!$B$6*N85)/(About!$B$5+About!$B$6),About!$B$5*M85+About!$B$6*N85+About!$B$7*O85) | Q85: 3.1412 | R85: 101.6865
A86: Medina | B86: Saudi Arabia | C86: 35300280 | D86: SA | E86: 05 | F86: 1300000 | H86: MED | I86: Prince Mohammad Bin Abdulaziz Airport | J86: 13.2 | K86: MED | L86: 100k + pop + airport | M86: 0.664 | N86: 1 | P86: =IF(O86="",(About!$B$5*M86+About!$B$6*N86)/(About!$B$5+About!$B$6),About!$B$5*M86+About!$B$6*N86+About!$B$7*O86) | Q86: 24.4686 | R86: 39.6142
A87: Thessaloníki | B87: Greece | C87: 10372335 | D87: GR | E87: ESYE12 | F87: 354290 | H87: SKG | I87: Thessaloniki Macedonia International Airport | J87: 14.2 | K87: SKG | L87: 100k + pop + airport | M87: 0.659 | N87: 1 | P87: =IF(O87="",(About!$B$5*M87+About!$B$6*N87)/(About!$B$5+About!$B$6),About!$B$5*M87+About!$B$6*N87+About!$B$7*O87) | Q87: 40.6436 | R87: 22.9309
A88: Florence | B88: Italy | C88: 58932330 | D88: IT | E88: 16 | F88: 654594 | H88: FLR | I88: Florence Airport, Peretola | J88: 4.8 | K88: FLR | L88: 100k + pop + airport | M88: 0.657 | N88: 1 | P88: =IF(O88="",(About!$B$5*M88+About!$B$6*N88)/(About!$B$5+About!$B$6),About!$B$5*M88+About!$B$6*N88+About!$B$7*O88) | Q88: 43.7792 | R88: 11.2463
A89: Tallinn | B89: Estonia | C89: 1360745 | D89: EE | E89: 01 | F89: 394024 | G89: Yes | H89: TLL | I89: Lennart Meri Tallinn Airport | J89: 5.2 | K89: CHE+TLL | L89: 100k + pop + capital + airport | M89: 0.643 | N89: 1 | P89: =IF(O89="",(About!$B$5*M89+About!$B$6*N89)/(About!$B$5+About!$B$6),About!$B$5*M89+About!$B$6*N89+About!$B$7*O89) | Q89: 59.437 | R89: 24.7535
A90: Tbilisi | B90: Georgia | C90: 3941100 | D90: GE | E90: 51 | F90: 1049498 | G90: Yes | H90: TBS | I90: Tbilisi International Airport | J90: 10.4 | K90: TBS | L90: 100k + pop + capital + airport | M90: 0.631 | N90: 1 | P90: =IF(O90="",(About!$B$5*M90+About!$B$6*N90)/(About!$B$5+About!$B$6),About!$B$5*M90+About!$B$6*N90+About!$B$7*O90) | Q90: 41.6941 | R90: 44.8337
A91: Marrakesh | B91: Morocco | C91: 36828330 | D91: MA | E91: 07 | F91: 839296 | H91: RAK | I91: Marrakesh Menara Airport | J91: 4.7 | K91: RAK | L91: 100k + pop + airport | M91: 0.628 | N91: 1 | P91: =IF(O91="",(About!$B$5*M91+About!$B$6*N91)/(About!$B$5+About!$B$6),About!$B$5*M91+About!$B$6*N91+About!$B$7*O91) | Q91: 31.6342 | R91: -7.9999
A92: Ródos | B92: Greece | C92: 10372335 | D92: GR | E92: ESYE42 | F92: 56128 | H92: RHO | I92: Rhodes International Airport "Diagoras" | J92: 12.6 | K92: RHO | L92: index | M92: 0.614 | N92: 1 | P92: =IF(O92="",(About!$B$5*M92+About!$B$6*N92)/(About!$B$5+About!$B$6),About!$B$5*M92+About!$B$6*N92+About!$B$7*O92) | Q92: 36.4356 | R92: 28.222
A93: Irákleion | B93: Greece | C93: 10372335 | D93: GR | E93: ESYE43 | F93: 137154 | H93: HER | I93: Heraklion International Nikos Kazantzakis Airport | J93: 3.6 | K93: HER | L93: 100k + pop + airport | M93: 0.612 | N93: 1 | P93: =IF(O93="",(About!$B$5*M93+About!$B$6*N93)/(About!$B$5+About!$B$6),About!$B$5*M93+About!$B$6*N93+About!$B$7*O93) | Q93: 35.3279 | R93: 25.1434
A94: Guangzhou | B94: China | C94: 1404890000 | D94: CN | E94: 30 | F94: 11071424 | H94: FUO | I94: Foshan Shadi Airport | J94: 18.7 | K94: FUO | L94: 100k + pop | M94: 0.534 | N94: 1 | P94: =IF(O94="",(About!$B$5*M94+About!$B$6*N94)/(About!$B$5+About!$B$6),About!$B$5*M94+About!$B$6*N94+About!$B$7*O94) | Q94: 23.1167 | R94: 113.25
A95: Kyoto | B95: Japan | C95: 122810000 | D95: JP | E95: 22 | F95: 1459640 | L95: 100k + pop | M95: 0 | N95: 1 | P95: =IF(O95="",(About!$B$5*M95+About!$B$6*N95)/(About!$B$5+About!$B$6),About!$B$5*M95+About!$B$6*N95+About!$B$7*O95) | Q95: 35.0211 | R95: 135.7538
A96: Mecca | B96: Saudi Arabia | C96: 35300280 | D96: SA | E96: 14 | F96: 1323624 | L96: 100k + pop | M96: 0 | N96: 1 | P96: =IF(O96="",(About!$B$5*M96+About!$B$6*N96)/(About!$B$5+About!$B$6),About!$B$5*M96+About!$B$6*N96+About!$B$7*O96) | Q96: 21.4266 | R96: 39.8256
A97: Jerusalem | B97: Israel | C97: 10244000 | D97: IL | E97: 06 | F97: 801000 | L97: 100k + pop | M97: 0 | N97: 1 | P97: =IF(O97="",(About!$B$5*M97+About!$B$6*N97)/(About!$B$5+About!$B$6),About!$B$5*M97+About!$B$6*N97+About!$B$7*O97) | Q97: 31.769 | R97: 35.2163
A98: Oslo | B98: Norway | C98: 5633770 | D98: NO | E98: 12 | F98: 580000 | G98: Yes | L98: 100k + pop + capital | M98: 0 | N98: 1 | P98: =IF(O98="",(About!$B$5*M98+About!$B$6*N98)/(About!$B$5+About!$B$6),About!$B$5*M98+About!$B$6*N98+About!$B$7*O98) | Q98: 59.9127 | R98: 10.7461
A99: Chicago | B99: United States | C99: 341784857 | D99: US | E99: IL | F99: 2720546 | H99: ORD | I99: Chicago O'Hare International Airport | J99: 25.5 | K99: MDW+ORD | L99: 100k + pop + airport | M99: 0.986 | N99: 0 | P99: =IF(O99="",(About!$B$5*M99+About!$B$6*N99)/(About!$B$5+About!$B$6),About!$B$5*M99+About!$B$6*N99+About!$B$7*O99) | Q99: 41.85 | R99: -87.65
A100: Atlanta | B100: United States | C100: 341784857 | D100: US | E100: GA | F100: 463878 | H100: ATL | I100: Hartsfield Jackson Atlanta International Airport | J100: 13 | K100: ATL+PDK | L100: 100k + pop + airport | M100: 0.971 | N100: 0 | P100: =IF(O100="",(About!$B$5*M100+About!$B$6*N100)/(About!$B$5+About!$B$6),About!$B$5*M100+About!$B$6*N100+About!$B$7*O100) | Q100: 33.749 | R100: -84.388
...

Sheet Second Tier Cities
A1: City | B1: Country | C1: Country Population | D1: ISO | E1: Admin | F1: Population | G1: Capital | H1: Main airport (IATA) | I1: Airport name | J1: Airport dist (km) | K1: All nearby airports | L1: Qualifies by | M1: Aviation score | N1: Index score | O1: POI score (pending) | P1: Visitor Score | Q1: Latitude | R1: Longitude
